-- phpMyAdmin SQL Dump
-- version 4.3.8
-- http://www.phpmyadmin.net
--
-- Host: localhost
-- Generation Time: Feb 08, 2015 at 01:37 AM
-- Server version: 5.5.40-36.1
-- PHP Version: 5.4.23

SET SQL_MODE = "NO_AUTO_VALUE_ON_ZERO";
SET time_zone = "+00:00";


/*!40101 SET @OLD_CHARACTER_SET_CLIENT=@@CHARACTER_SET_CLIENT */;
/*!40101 SET @OLD_CHARACTER_SET_RESULTS=@@CHARACTER_SET_RESULTS */;
/*!40101 SET @OLD_COLLATION_CONNECTION=@@COLLATION_CONNECTION */;
/*!40101 SET NAMES utf8 */;

--
-- Database: `comic_kanye1`
--

-- --------------------------------------------------------

--
-- Table structure for table `Account`
--

CREATE TABLE IF NOT EXISTS `Account` (
  `AccountID` int(11) NOT NULL,
  `CustomerID` int(11) NOT NULL,
  `FirstName` varchar(20) COLLATE utf8_unicode_ci NOT NULL,
  `MidName` varchar(20) COLLATE utf8_unicode_ci DEFAULT NULL,
  `LastName` varchar(20) COLLATE utf8_unicode_ci NOT NULL,
  `Address` varchar(60) COLLATE utf8_unicode_ci NOT NULL,
  `State` varchar(2) COLLATE utf8_unicode_ci NOT NULL,
  `Zipcode` int(5) NOT NULL,
  `Phone` varchar(15) COLLATE utf8_unicode_ci NOT NULL,
  `City` varchar(45) COLLATE utf8_unicode_ci NOT NULL
) ENGINE=InnoDB AUTO_INCREMENT=22 DEFAULT CHARSET=utf8 COLLATE=utf8_unicode_ci;

--
-- Dumping data for table `Account`
--

INSERT INTO `Account` (`AccountID`, `CustomerID`, `FirstName`, `MidName`, `LastName`, `Address`, `State`, `Zipcode`, `Phone`, `City`) VALUES
(1, 1, 'Tommy', '', 'Phan', '123 Fake St.', 'CA', 92701, '714-836-8798', 'Garden Grove'),
(2, 2, 'Frank', 'Rocky', 'Rivas', '1284 Evergreen', 'Ca', 92707, '714-874-8595', 'Santa ana'),
(3, 3, 'Rocky ', '', 'Raccoon', '487 England', 'Ca', 92707, '714-245-8725', 'Santa Ana'),
(4, 4, 'Dell', '', 'Computer', '1010 Binary', 'CA', 92707, '714-101-1010', 'Silicon'),
(5, 5, 'David', '', 'Bowie', '7894 Ziggy', 'CA', 92704, '714-475-3652', 'Los Angelos'),
(6, 6, 'Jimmy', '', 'Page', '478 England', 'CA', 92705, '714-748-2147', 'Tustin'),
(7, 7, 'Bob', '', 'Dylan', '124 Crossroads', 'CA', 92707, '714-514-8565', 'Tustin'),
(8, 8, 'Minh', '', 'Nguyen', '10841 Fullerton Rd', 'CA', 92804, '714-414-0010', 'Ana'),
(9, 9, 'Alex', '', 'Turner', '1474 Turner', 'CA', 92707, '714-857-9625', 'Santa Ana'),
(10, 10, 'Pablo', '', 'Picasso', '104 Italy', 'CA', 92707, '714-987-3514', 'Costa Mesa'),
(11, 11, 'nathan', 'M', 'Moran', '14747 Fairacres Dr', 'CA', 90638, '71468689722', 'la mirada'),
(12, 12, 'Jack', '', 'White', '1241 White St. Apt. C', 'CA', 92707, '714-854-7485', 'Costa Mesa'),
(13, 13, 'Lana', 'Del', 'Rey', '1243 Rely St.', 'CA', 92844, '714-101-1001', 'Costa Mesa'),
(14, 14, 'Nexus', '', 'Google', '1010 Binary', 'CA', 92707, '714-865-9832', 'Tustin'),
(15, 15, 'Steve', '', 'Jobs', '762 Apple Ave', 'CA', 93654, '714-654-8376', 'Cupentino'),
(16, 16, 'Yumi', '', 'Tran', '10841 ln rd', 'AZ', 92804, '714-414-4100', 'Anaheim'),
(17, 17, 'Frank', '', 'Rivas', '1524 Binary', 'AL', 92707, '714-865-8754', 'Fullerton'),
(18, 18, 'Minh', '', 'Nguyen', '1111 Fullerton Rd', 'CA', 92804, '714-414-4104', 'Anaheim'),
(19, 19, 'M', '', 'Ng', '1140 rd', 'CA', 92804, '714-545-4081', 'Fullerton'),
(20, 20, 'Concepcion', '', 'Test', '14747 Fairacres Drive', 'AL', 90638, '714-342-5360', 'La Mirada'),
(21, 21, 'Juan', '', 'M', '14747 Fairacres Dr.', 'CA', 90638, '714-686-9722', 'LaMirada');

-- --------------------------------------------------------

--
-- Table structure for table `Airplane`
--

CREATE TABLE IF NOT EXISTS `Airplane` (
  `AirplaneID` int(11) NOT NULL,
  `Name` varchar(15) COLLATE utf8_unicode_ci NOT NULL,
  `First` int(11) NOT NULL,
  `Business` int(11) NOT NULL,
  `Econ` int(11) NOT NULL
) ENGINE=InnoDB AUTO_INCREMENT=21 DEFAULT CHARSET=utf8 COLLATE=utf8_unicode_ci;

--
-- Dumping data for table `Airplane`
--

INSERT INTO `Airplane` (`AirplaneID`, `Name`, `First`, `Business`, `Econ`) VALUES
(1, 'A1 ', 24, 24, 24),
(2, 'A2', 30, 30, 30),
(3, 'A3', 30, 30, 30),
(4, 'A4', 24, 24, 24),
(5, 'A5', 30, 30, 30),
(6, 'A6', 30, 30, 30),
(7, 'A7', 24, 24, 24),
(8, 'A8', 24, 24, 24),
(9, 'A9', 30, 30, 30),
(10, 'A10', 30, 30, 30),
(11, 'A11', 30, 30, 30),
(12, 'A12', 30, 30, 30),
(13, 'A13', 30, 30, 30),
(14, 'A14', 30, 30, 30),
(15, 'A15', 30, 30, 30),
(16, 'A16', 24, 24, 24),
(17, 'A17', 24, 24, 24),
(18, 'A18', 24, 24, 24),
(19, 'A19', 24, 24, 24),
(20, 'A20', 24, 24, 24);

-- --------------------------------------------------------

--
-- Table structure for table `Arriveport`
--

CREATE TABLE IF NOT EXISTS `Arriveport` (
  `ArriveID` varchar(10) COLLATE utf8_unicode_ci NOT NULL,
  `City` varchar(45) COLLATE utf8_unicode_ci NOT NULL,
  `Name` varchar(45) COLLATE utf8_unicode_ci NOT NULL,
  `State` varchar(2) COLLATE utf8_unicode_ci NOT NULL
) ENGINE=InnoDB DEFAULT CHARSET=utf8 COLLATE=utf8_unicode_ci;

--
-- Dumping data for table `Arriveport`
--

INSERT INTO `Arriveport` (`ArriveID`, `City`, `Name`, `State`) VALUES
('ABQ', 'Albuquerque ', 'Albuquerque International Sunport', 'NM'),
('ASE', 'Aspen', 'Aspen', 'CO'),
('BHM', 'Birmingham', 'Birmingham Airport', 'AL'),
('CHO', 'Charlottesville', 'Charlottesville–Albemarle Airport', 'VA'),
('DEN ', 'Denver', 'Denver Municipal Airport', 'CO'),
('EYW', 'Key West', 'Key West International', 'FL'),
('JAN', 'Jackson', 'Jackson International', 'MS'),
('JFK', 'New York', 'John F. Kennedy International Airport', 'NY'),
('LAS', 'Las Vegas', 'McCarran International Airport', 'NV'),
('LAX', 'Los Angeles', 'Los Angeles International Airport', 'CA'),
('ORE', 'Portland', 'Portland International Airport', 'OR'),
('SLC', 'Salt Lake City', 'Salt Lake City International', 'UT'),
('TUS', 'Tucson', 'Tucson International Airport', 'AZ'),
('TX', 'Austin', 'Austin International Airport', 'TX'),
('YKM', 'Yakima', 'Yakima Air Terminal (McAllister Field)', 'WA');

-- --------------------------------------------------------

--
-- Table structure for table `Customer`
--

CREATE TABLE IF NOT EXISTS `Customer` (
  `CustomerID` int(11) NOT NULL,
  `UserName` varchar(12) COLLATE utf8_unicode_ci NOT NULL,
  `Password` varchar(8) COLLATE utf8_unicode_ci NOT NULL,
  `Email` varchar(30) COLLATE utf8_unicode_ci NOT NULL
) ENGINE=InnoDB AUTO_INCREMENT=22 DEFAULT CHARSET=utf8 COLLATE=utf8_unicode_ci;

--
-- Dumping data for table `Customer`
--

INSERT INTO `Customer` (`CustomerID`, `UserName`, `Password`, `Email`) VALUES
(1, 'Tommy', 'Tom', 'Tommy@gmail.com'),
(2, 'Frankie7413', 'frank', 'frankie7413@gmail.com'),
(3, 'Rocky', 'coon', 'Rocky@gmail.com'),
(4, 'Dell', 'adell', 'dell@gmail.com'),
(5, 'David', 'bowie', 'Bowie@gmail.com'),
(6, 'Jimmy', 'jim', 'Page@gmail.com'),
(7, 'Bob', 'bob', 'Dylan'),
(8, 'minh', '123456', 'abc@yahoo.com'),
(9, 'Alex', 'alex', 'alex@gmail.com'),
(10, 'Pablo', 'pablo', 'Picasso@gmail.com'),
(11, 'Nathan', 'nathan1', 'cv.azteca@yahoo.com'),
(12, 'Jack', 'jack', 'jack@gmail.com'),
(13, 'Lana', 'lana0109', 'Lana@gmail.com'),
(14, 'Nexus', 'nexus', 'frankie7413@gmail.com'),
(15, 'Apple', 'apple', 'marzrocks@csu.fullerton.edu'),
(16, 'theunloved', '123456', 'quataoxanh83@gmail.com'),
(17, 'Lenovo', 'lenovo', 'frankie7413@gmail.com'),
(18, 'hoangminh', '123456', 'hminh201@yahoo.com'),
(19, 'hoang', '123456', 'abc@yahoo.com'),
(20, 'Concepcion', 'connie', 'ganymede527@gmail.com'),
(21, 'Juan', 'juan1', 'ganymede527@gmail.com');

-- --------------------------------------------------------

--
-- Table structure for table `DepartPort`
--

CREATE TABLE IF NOT EXISTS `DepartPort` (
  `DepartID` varchar(10) COLLATE utf8_unicode_ci NOT NULL,
  `City` varchar(45) COLLATE utf8_unicode_ci NOT NULL,
  `Name` varchar(45) COLLATE utf8_unicode_ci NOT NULL,
  `State` varchar(2) COLLATE utf8_unicode_ci NOT NULL
) ENGINE=InnoDB DEFAULT CHARSET=utf8 COLLATE=utf8_unicode_ci;

--
-- Dumping data for table `DepartPort`
--

INSERT INTO `DepartPort` (`DepartID`, `City`, `Name`, `State`) VALUES
('ABQ', 'Albuquerque ', 'Albuquerque International Sunport ', 'NM'),
('ASE', 'Aspen', 'Aspen', 'CO'),
('BHM', 'Birmingham', 'Birmingham Airport', 'AL'),
('CHO ', 'Charlottesville', 'Charlottesville–Albemarle Airport', 'VA'),
('DEN', 'Denver', 'Denver Municipal Airport ', 'CO'),
('EYW', 'Key West ', 'Key West International', 'FL'),
('JAN', 'Jackson', 'Jackson International', 'MS'),
('JFK', 'New York', 'John F. Kennedy International Airport', 'NY'),
('LAS', 'Las Vegas', 'McCarran International Airport ', 'NV'),
('LAX', 'Los Angeles', 'Los Angeles International Airport', 'CA'),
('ORE', 'Portland', 'Portland International Airport', 'OR'),
('SLC', 'Salt Lake City', 'Salt Lake City International ', 'UT'),
('TUS', 'Tucson', 'Tucson International Airport', 'AZ'),
('TX', 'Austin', 'Austin International Airport', 'TX'),
('YKM', 'Yakima', 'Yakima Air Terminal (McAllister Field)', 'WA');

-- --------------------------------------------------------

--
-- Table structure for table `Fare`
--

CREATE TABLE IF NOT EXISTS `Fare` (
  `FareID` int(11) NOT NULL,
  `Amount` int(11) NOT NULL,
  `CardType` varchar(15) COLLATE utf8_unicode_ci NOT NULL,
  `CardNum` int(11) NOT NULL,
  `CardOwner` varchar(45) COLLATE utf8_unicode_ci NOT NULL,
  `Experation` date NOT NULL,
  `CVC` int(11) NOT NULL,
  `AccountID` int(11) NOT NULL,
  `FlightID` int(11) DEFAULT NULL
) ENGINE=InnoDB AUTO_INCREMENT=16 DEFAULT CHARSET=utf8 COLLATE=utf8_unicode_ci;

--
-- Dumping data for table `Fare`
--

INSERT INTO `Fare` (`FareID`, `Amount`, `CardType`, `CardNum`, `CardOwner`, `Experation`, `CVC`, `AccountID`, `FlightID`) VALUES
(1, 400, 'Master Card', 5123, 'Jack White', '2020-10-01', 124, 12, 20),
(3, 300, 'Master Card', 4514, 'Tommy Phan', '2014-10-01', 214, 1, 14),
(4, 150, 'Master Card', 5152, 'Bob Dylan', '2014-10-01', 214, 7, 10),
(5, 460, 'Master Card', 5874, 'Lana Del Rey', '2015-07-16', 10, 13, 8),
(8, 135, 'Master Card', 6754, 'Julian Casa', '2016-05-29', 765, 14, 8),
(9, 125, 'Master Card', 7654, 'Lorde Marsh', '2017-12-09', 936, 14, 17),
(10, 140, 'Master Card', 7654, 'Testing', '2017-12-09', 967, 14, 4),
(11, 135, 'Master Card', 8732, 'Steve Jobs', '2016-12-09', 853, 15, 8),
(12, 160, 'Master Card', 7543, 'Jack White', '2019-10-09', 543, 14, 6),
(13, 170, 'Master Card', 9875, 'Rocky Raccoo ', '2016-12-09', 542, 17, 8),
(14, 295, 'Master Card', 4871, 'Lenovo Thinkpad', '2017-12-10', 784, 17, 18),
(15, 135, 'Master Card', 1234, 'jjjjj', '2014-12-12', 345, 21, 8);

-- --------------------------------------------------------

--
-- Table structure for table `Flight`
--

CREATE TABLE IF NOT EXISTS `Flight` (
  `FlightID` int(5) NOT NULL,
  `departID` varchar(10) COLLATE utf8_unicode_ci DEFAULT NULL,
  `arriveID` varchar(10) COLLATE utf8_unicode_ci DEFAULT NULL,
  `airline` varchar(20) COLLATE utf8_unicode_ci DEFAULT NULL,
  `AirplaneID` int(11) DEFAULT NULL,
  `departTime` time DEFAULT NULL,
  `arriveTime` time DEFAULT NULL,
  `departDate` date DEFAULT NULL,
  `arriveDate` date NOT NULL,
  `EconomicPrice` int(5) NOT NULL,
  `BusinessPrice` int(5) NOT NULL,
  `FirsClassPrice` int(5) NOT NULL
) ENGINE=InnoDB AUTO_INCREMENT=21 DEFAULT CHARSET=utf8 COLLATE=utf8_unicode_ci;

--
-- Dumping data for table `Flight`
--

INSERT INTO `Flight` (`FlightID`, `departID`, `arriveID`, `airline`, `AirplaneID`, `departTime`, `arriveTime`, `departDate`, `arriveDate`, `EconomicPrice`, `BusinessPrice`, `FirsClassPrice`) VALUES
(1, 'LAX', 'JFK', 'American Airlines', 1, '09:00:00', '12:00:00', '2014-10-01', '2014-10-01', 125, 185, 255),
(2, 'LAX', 'LAS', 'Delta', 2, '09:00:00', '12:00:00', '2014-10-01', '2014-10-01', 100, 135, 175),
(3, 'LAX', 'JFK', 'Delta', 3, '10:00:00', '13:00:00', '2014-10-01', '2014-10-01', 120, 175, 245),
(4, 'LAX', 'JFK', 'SouthWest', 4, '11:00:00', '14:00:00', '2014-10-01', '2014-10-01', 115, 150, 230),
(5, 'LAX', 'JFK', 'United Airlines', 5, '12:00:00', '15:00:00', '2014-10-01', '2014-10-01', 120, 170, 225),
(6, 'LAX', 'JFK', 'Delta', 6, '13:00:00', '16:00:00', '2014-10-01', '2014-10-01', 135, 180, 240),
(7, 'LAX', 'LAS', 'American Airlines', 7, '10:00:00', '11:00:00', '2014-10-01', '2014-10-01', 90, 150, 190),
(8, 'LAX', 'LAS', 'United Airways', 8, '11:00:00', '12:00:00', '2014-10-01', '2014-10-01', 100, 145, 180),
(9, 'LAX', 'LAS', 'Southwest Airlines', 9, '12:00:00', '13:00:00', '2014-10-01', '2014-10-01', 95, 135, 170),
(10, 'LAX', 'LAS', 'American Airlines', 10, '13:00:00', '14:00:00', '2014-10-01', '2014-10-01', 90, 130, 160),
(11, 'LAX', 'TX', 'Delta', 11, '09:00:00', '11:00:00', '2014-10-01', '2014-10-01', 100, 150, 190),
(12, 'LAX', 'TX', 'SouthWest Airlines', 12, '10:00:00', '12:00:00', '2014-10-01', '2014-10-01', 90, 140, 180),
(13, 'LAX', 'TX', 'United Airlines', 13, '11:00:00', '13:00:00', '2014-10-01', '2014-10-01', 90, 145, 185),
(14, 'LAX', 'TX', 'American Airlines', 14, '12:00:00', '14:00:00', '2014-10-01', '2014-10-01', 100, 160, 200),
(15, 'LAX', 'TX', 'Delta', 15, '13:00:00', '15:00:00', '2014-10-01', '2014-10-01', 100, 150, 190),
(16, 'LAX', 'DEN', 'Delta', 16, '09:00:00', '11:00:00', '2014-10-01', '2014-10-01', 110, 150, 190),
(17, 'LAX', 'DEN', 'SouthWest Airlines', 17, '10:00:00', '12:00:00', '2014-10-01', '2014-10-01', 115, 165, 190),
(18, 'LAX', 'DEN', 'United Airlines', 18, '11:00:00', '13:00:00', '2014-10-01', '2014-10-01', 110, 160, 195),
(19, 'LAX', 'DEN', 'American Airlines', 19, '12:00:00', '14:00:00', '2014-10-01', '2014-10-01', 120, 180, 200),
(20, 'LAX', 'DEN', 'SouthWest Airlines', 20, '13:00:00', '15:00:00', '2014-10-01', '2014-10-01', 100, 150, 190);

-- --------------------------------------------------------

--
-- Table structure for table `Passenger`
--

CREATE TABLE IF NOT EXISTS `Passenger` (
  `PassengerID` int(11) NOT NULL,
  `FirstName` varchar(20) COLLATE utf8_unicode_ci NOT NULL,
  `MidName` varchar(20) COLLATE utf8_unicode_ci DEFAULT NULL,
  `LastName` varchar(20) COLLATE utf8_unicode_ci NOT NULL,
  `Age` varchar(1) COLLATE utf8_unicode_ci NOT NULL,
  `Gender` varchar(1) COLLATE utf8_unicode_ci NOT NULL,
  `BirthDate` date NOT NULL,
  `Class` varchar(1) COLLATE utf8_unicode_ci DEFAULT NULL,
  `AccountID` int(11) NOT NULL,
  `FlightID` int(11) NOT NULL,
  `SeatID` int(11) DEFAULT NULL,
  `TicketID` varchar(5) COLLATE utf8_unicode_ci DEFAULT NULL
) ENGINE=InnoDB AUTO_INCREMENT=25 DEFAULT CHARSET=utf8 COLLATE=utf8_unicode_ci COMMENT='1';

--
-- Dumping data for table `Passenger`
--

INSERT INTO `Passenger` (`PassengerID`, `FirstName`, `MidName`, `LastName`, `Age`, `Gender`, `BirthDate`, `Class`, `AccountID`, `FlightID`, `SeatID`, `TicketID`) VALUES
(1, 'Jack', '', 'White', 'A', 'M', '1980-12-09', 'F', 12, 14, 1099, 'Y3WED'),
(2, 'Meghan', '', 'White', 'A', 'F', '1980-12-09', 'F', 12, 14, 1100, 'Y3WED'),
(4, 'Tommy', '', 'Phan', 'A', 'M', '2014-12-09', 'F', 1, 14, 1101, 'M4WOW'),
(5, 'Junior', '', 'Phan', 'C', 'M', '2014-12-09', 'E', 1, 14, 1159, 'M4WOW'),
(6, 'Bob', '', 'Dylan', 'A', 'M', '1988-12-09', 'F', 7, 10, 768, 'DWRX4'),
(8, 'Lana', 'Del', 'Rey', 'A', 'F', '1990-06-11', 'F', 13, 4, 253, '1PMSX'),
(9, 'Lisa', '', 'Reed', 'A', 'F', '1989-05-12', 'F', 13, 4, 254, '1PMSX'),
(12, 'Julian', '', 'Casablancas', 'A', 'M', '1988-12-09', 'B', 14, 8, 602, 'OWJIZ'),
(13, 'Lord', '', 'Marsh', 'A', 'M', '1989-12-09', 'B', 14, 9, 702, 'SDSCF'),
(14, 'Test', 'Check', 'This', 'A', 'M', '1982-12-09', 'B', 14, 4, 287, 'HCLTK'),
(15, 'Steve', '', 'Jobs', 'A', 'M', '1961-12-09', 'B', 15, 8, 620, 'SIAMQ'),
(16, 'Jack', '', 'White', 'A', 'M', '1989-12-09', 'B', 14, 6, 458, 'Z0RW1'),
(18, 'Frank', '', 'Rivas', 'A', 'M', '1985-12-09', 'F', 17, 8, 577, '4UD1A'),
(19, 'Hank', '', 'Hill', 'A', 'M', '1965-06-10', 'F', 17, 18, 1441, 'NXBSB'),
(20, 'Bobby', '', 'HIll', 'C', 'M', '1990-02-10', 'E', 17, 18, 1485, 'NXBSB'),
(21, 'Concepcion', '', 'Test', 'A', 'F', '2014-12-12', '', 20, 15, 0, ''),
(22, 'Brian', '', 'Baby', 'I', 'M', '2014-12-12', '', 20, 15, 0, ''),
(23, 'Juan', '', 'M', 'A', 'M', '2014-12-12', '', 21, 9, 0, ''),
(24, 'Juan', '', 'M', 'A', 'M', '2014-12-12', 'B', 21, 8, 623, 'D5MMM');

-- --------------------------------------------------------

--
-- Table structure for table `Reserve`
--

CREATE TABLE IF NOT EXISTS `Reserve` (
  `ReserveID` int(11) NOT NULL,
  `dateReserve` date NOT NULL,
  `ticketNo` varchar(8) COLLATE utf8_unicode_ci NOT NULL,
  `AccountID` int(11) NOT NULL,
  `FareID` int(11) NOT NULL,
  `FlightID` int(11) NOT NULL
) ENGINE=InnoDB AUTO_INCREMENT=16 DEFAULT CHARSET=utf8 COLLATE=utf8_unicode_ci;

--
-- Dumping data for table `Reserve`
--

INSERT INTO `Reserve` (`ReserveID`, `dateReserve`, `ticketNo`, `AccountID`, `FareID`, `FlightID`) VALUES
(1, '2014-12-09', 'Y3WED', 12, 1, 14),
(3, '2014-12-09', 'M4WOW', 1, 3, 14),
(4, '2014-12-09', 'DWRX4', 7, 4, 10),
(5, '2014-12-09', '1PMSX', 13, 5, 4),
(8, '2014-12-10', 'OWJIZ', 14, 8, 8),
(9, '2014-12-10', 'SDSCF', 14, 9, 9),
(10, '2014-12-10', 'HCLTK', 14, 10, 4),
(11, '2014-12-10', 'SIAMQ', 15, 8, 8),
(12, '2014-12-10', 'Z0RW1', 14, 12, 6),
(13, '2014-12-10', '4UD1A', 17, 13, 8),
(14, '2014-12-11', 'NXBSB', 17, 14, 18),
(15, '2014-12-13', 'D5MMM', 21, 8, 8);

-- --------------------------------------------------------

--
-- Table structure for table `Seat`
--

CREATE TABLE IF NOT EXISTS `Seat` (
  `SeatID` int(11) NOT NULL,
  `FlightID` int(11) DEFAULT NULL,
  `classSeat` varchar(1) COLLATE utf8_unicode_ci NOT NULL,
  `Row` char(1) COLLATE utf8_unicode_ci DEFAULT NULL,
  `selectSeat` int(11) NOT NULL,
  `Available` int(1) NOT NULL
) ENGINE=InnoDB AUTO_INCREMENT=1639 DEFAULT CHARSET=utf8 COLLATE=utf8_unicode_ci;

--
-- Dumping data for table `Seat`
--

INSERT INTO `Seat` (`SeatID`, `FlightID`, `classSeat`, `Row`, `selectSeat`, `Available`) VALUES
(1, 1, 'F', 'A', 1, 0),
(2, 1, 'F', 'A', 2, 0),
(3, 1, 'F', 'A', 3, 0),
(4, 1, 'F', 'A', 4, 0),
(5, 1, 'F', 'A', 5, 0),
(6, 1, 'F', 'A', 6, 0),
(7, 1, 'F', 'B', 1, 0),
(8, 1, 'F', 'B', 2, 0),
(9, 1, 'F', 'B', 3, 0),
(10, 1, 'F', 'B', 4, 0),
(11, 1, 'F', 'B', 5, 0),
(12, 1, 'F', 'B', 6, 0),
(13, 1, 'F', 'C', 1, 0),
(14, 1, 'F', 'C', 2, 0),
(15, 1, 'F', 'C', 3, 0),
(16, 1, 'F', 'C', 4, 0),
(17, 1, 'F', 'C', 5, 0),
(18, 1, 'F', 'C', 6, 0),
(19, 1, 'F', 'D', 1, 0),
(20, 1, 'F', 'D', 2, 0),
(21, 1, 'F', 'D', 3, 0),
(22, 1, 'F', 'D', 4, 0),
(23, 1, 'F', 'D', 5, 0),
(24, 1, 'F', 'D', 6, 0),
(25, 1, 'B', 'A', 1, 0),
(26, 1, 'B', 'A', 2, 0),
(27, 1, 'B', 'A', 3, 0),
(28, 1, 'B', 'A', 4, 0),
(29, 1, 'B', 'A', 5, 0),
(30, 1, 'B', 'A', 6, 0),
(31, 1, 'B', 'B', 1, 0),
(32, 1, 'B', 'B', 2, 0),
(33, 1, 'B', 'B', 3, 0),
(34, 1, 'B', 'B', 4, 0),
(35, 1, 'B', 'B', 5, 0),
(36, 1, 'B', 'B', 6, 0),
(37, 1, 'B', 'C', 1, 0),
(38, 1, 'B', 'C', 2, 0),
(39, 1, 'B', 'C', 3, 0),
(40, 1, 'B', 'C', 4, 0),
(41, 1, 'B', 'C', 5, 0),
(42, 1, 'B', 'C', 6, 0),
(43, 1, 'B', 'D', 1, 0),
(44, 1, 'B', 'D', 2, 0),
(45, 1, 'B', 'D', 3, 0),
(46, 1, 'B', 'D', 4, 0),
(47, 1, 'B', 'D', 5, 0),
(48, 1, 'B', 'D', 6, 0),
(49, 1, 'E', 'A', 1, 0),
(50, 1, 'E', 'A', 2, 0),
(51, 1, 'E', 'A', 3, 0),
(52, 1, 'E', 'A', 4, 0),
(53, 1, 'E', 'A', 5, 0),
(54, 1, 'E', 'A', 6, 0),
(55, 1, 'E', 'B', 1, 0),
(56, 1, 'E', 'B', 2, 0),
(57, 1, 'E', 'B', 3, 0),
(58, 1, 'E', 'B', 4, 0),
(59, 1, 'E', 'B', 5, 0),
(60, 1, 'E', 'B', 6, 0),
(61, 1, 'E', 'C', 1, 0),
(62, 1, 'E', 'C', 2, 0),
(63, 1, 'E', 'C', 3, 0),
(64, 1, 'E', 'C', 4, 0),
(65, 1, 'E', 'C', 5, 0),
(66, 1, 'E', 'C', 6, 0),
(67, 1, 'E', 'D', 1, 0),
(68, 1, 'E', 'D', 2, 0),
(69, 1, 'E', 'D', 3, 0),
(70, 1, 'E', 'D', 4, 0),
(71, 1, 'E', 'D', 5, 0),
(72, 1, 'E', 'D', 6, 0),
(73, 2, 'F', 'A', 1, 0),
(74, 2, 'F', 'A', 2, 0),
(75, 2, 'F', 'A', 3, 0),
(76, 2, 'F', 'A', 4, 0),
(77, 2, 'F', 'A', 5, 0),
(78, 2, 'F', 'A', 6, 0),
(79, 2, 'F', 'B', 1, 0),
(80, 2, 'F', 'B', 2, 0),
(81, 2, 'F', 'B', 3, 0),
(82, 2, 'F', 'B', 4, 0),
(83, 2, 'F', 'B', 5, 0),
(84, 2, 'F', 'B', 6, 0),
(85, 2, 'F', 'C', 1, 0),
(86, 2, 'F', 'C', 2, 0),
(87, 2, 'F', 'C', 3, 0),
(88, 2, 'F', 'C', 4, 0),
(89, 2, 'F', 'C', 5, 0),
(90, 2, 'F', 'C', 6, 0),
(91, 2, 'F', 'D', 1, 0),
(92, 2, 'F', 'D', 2, 0),
(93, 2, 'F', 'D', 3, 0),
(94, 2, 'F', 'D', 4, 0),
(95, 2, 'F', 'D', 5, 0),
(96, 2, 'F', 'D', 6, 0),
(97, 2, 'F', 'E', 1, 0),
(98, 2, 'F', 'E', 2, 0),
(99, 2, 'F', 'E', 3, 0),
(100, 2, 'F', 'E', 4, 0),
(101, 2, 'F', 'E', 5, 0),
(102, 2, 'F', 'E', 6, 0),
(103, 2, 'B', 'A', 1, 0),
(104, 2, 'B', 'A', 2, 0),
(105, 2, 'B', 'A', 3, 0),
(106, 2, 'B', 'A', 4, 0),
(107, 2, 'B', 'A', 5, 0),
(108, 2, 'B', 'A', 6, 0),
(109, 2, 'B', 'B', 1, 0),
(110, 2, 'B', 'B', 2, 0),
(111, 2, 'B', 'B', 3, 0),
(112, 2, 'B', 'B', 4, 0),
(113, 2, 'B', 'B', 5, 0),
(114, 2, 'B', 'B', 6, 0),
(115, 2, 'B', 'C', 1, 0),
(116, 2, 'B', 'C', 2, 0),
(117, 2, 'B', 'C', 3, 0),
(118, 2, 'B', 'C', 4, 0),
(119, 2, 'B', 'C', 5, 0),
(120, 2, 'B', 'C', 6, 0),
(121, 2, 'B', 'D', 1, 0),
(122, 2, 'B', 'D', 2, 0),
(123, 2, 'B', 'D', 3, 0),
(124, 2, 'B', 'D', 4, 0),
(125, 2, 'B', 'D', 5, 0),
(126, 2, 'B', 'D', 6, 0),
(127, 2, 'B', 'E', 1, 0),
(128, 2, 'B', 'E', 2, 0),
(129, 2, 'B', 'E', 3, 0),
(130, 2, 'B', 'E', 4, 0),
(131, 2, 'B', 'E', 5, 0),
(132, 2, 'B', 'E', 6, 0),
(133, 2, 'E', 'A', 1, 0),
(134, 2, 'E', 'A', 2, 0),
(135, 2, 'E', 'A', 3, 0),
(136, 2, 'E', 'A', 4, 0),
(137, 2, 'E', 'A', 5, 0),
(138, 2, 'E', 'A', 6, 0),
(139, 2, 'E', 'B', 1, 0),
(140, 2, 'E', 'B', 2, 0),
(141, 2, 'E', 'B', 3, 0),
(142, 2, 'E', 'B', 4, 0),
(143, 2, 'E', 'B', 5, 0),
(144, 2, 'E', 'B', 6, 0),
(145, 2, 'E', 'C', 1, 0),
(146, 2, 'E', 'C', 2, 0),
(147, 2, 'E', 'C', 3, 0),
(148, 2, 'E', 'C', 4, 0),
(149, 2, 'E', 'C', 5, 0),
(150, 2, 'E', 'C', 6, 0),
(151, 2, 'E', 'D', 1, 0),
(152, 2, 'E', 'D', 2, 0),
(153, 2, 'E', 'D', 3, 0),
(154, 2, 'E', 'D', 4, 0),
(155, 2, 'E', 'D', 5, 0),
(156, 2, 'E', 'D', 6, 0),
(157, 2, 'E', 'E', 1, 0),
(158, 2, 'E', 'E', 2, 0),
(159, 2, 'E', 'E', 3, 0),
(160, 2, 'E', 'E', 4, 0),
(161, 2, 'E', 'E', 5, 0),
(162, 2, 'E', 'E', 6, 0),
(163, 3, 'F', 'A', 1, 0),
(164, 3, 'F', 'A', 2, 0),
(165, 3, 'F', 'A', 3, 0),
(166, 3, 'F', 'A', 4, 0),
(167, 3, 'F', 'A', 5, 0),
(168, 3, 'F', 'A', 6, 0),
(169, 3, 'F', 'B', 1, 0),
(170, 3, 'F', 'B', 2, 0),
(171, 3, 'F', 'B', 3, 0),
(172, 3, 'F', 'B', 4, 0),
(173, 3, 'F', 'B', 5, 0),
(174, 3, 'F', 'B', 6, 0),
(175, 3, 'F', 'C', 1, 0),
(176, 3, 'F', 'C', 2, 0),
(177, 3, 'F', 'C', 3, 0),
(178, 3, 'F', 'C', 4, 0),
(179, 3, 'F', 'C', 5, 0),
(180, 3, 'F', 'C', 6, 0),
(181, 3, 'F', 'D', 1, 0),
(182, 3, 'F', 'D', 2, 0),
(183, 3, 'F', 'D', 3, 0),
(184, 3, 'F', 'D', 4, 0),
(185, 3, 'F', 'D', 5, 0),
(186, 3, 'F', 'D', 6, 0),
(187, 3, 'F', 'E', 1, 0),
(188, 3, 'F', 'E', 2, 0),
(189, 3, 'F', 'E', 3, 0),
(190, 3, 'F', 'E', 4, 0),
(191, 3, 'F', 'E', 5, 0),
(192, 3, 'F', 'E', 6, 0),
(193, 3, 'B', 'A', 1, 0),
(194, 3, 'B', 'A', 2, 0),
(195, 3, 'B', 'A', 3, 0),
(196, 3, 'B', 'A', 4, 0),
(197, 3, 'B', 'A', 5, 0),
(198, 3, 'B', 'A', 6, 0),
(199, 3, 'B', 'B', 1, 0),
(200, 3, 'B', 'B', 2, 0),
(201, 3, 'B', 'B', 3, 0),
(202, 3, 'B', 'B', 4, 0),
(203, 3, 'B', 'B', 5, 0),
(204, 3, 'B', 'B', 6, 0),
(205, 3, 'B', 'C', 1, 0),
(206, 3, 'B', 'C', 2, 0),
(207, 3, 'B', 'C', 3, 0),
(208, 3, 'B', 'C', 4, 0),
(209, 3, 'B', 'C', 5, 0),
(210, 3, 'B', 'C', 6, 0),
(211, 3, 'B', 'D', 1, 0),
(212, 3, 'B', 'D', 2, 0),
(213, 3, 'B', 'D', 3, 0),
(214, 3, 'B', 'D', 4, 0),
(215, 3, 'B', 'D', 5, 0),
(216, 3, 'B', 'D', 6, 0),
(217, 3, 'B', 'E', 1, 0),
(218, 3, 'B', 'E', 2, 0),
(219, 3, 'B', 'E', 3, 0),
(220, 3, 'B', 'E', 4, 0),
(221, 3, 'B', 'E', 5, 0),
(222, 3, 'B', 'E', 6, 0),
(223, 3, 'E', 'A', 1, 0),
(224, 3, 'E', 'A', 2, 0),
(225, 3, 'E', 'A', 3, 0),
(226, 3, 'E', 'A', 4, 0),
(227, 3, 'E', 'A', 5, 0),
(228, 3, 'E', 'A', 6, 0),
(229, 3, 'E', 'B', 1, 0),
(230, 3, 'E', 'B', 2, 0),
(231, 3, 'E', 'B', 3, 0),
(232, 3, 'E', 'B', 4, 0),
(233, 3, 'E', 'B', 5, 0),
(234, 3, 'E', 'B', 6, 0),
(235, 3, 'E', 'C', 1, 0),
(236, 3, 'E', 'C', 2, 0),
(237, 3, 'E', 'C', 3, 0),
(238, 3, 'E', 'C', 4, 0),
(239, 3, 'E', 'C', 5, 0),
(240, 3, 'E', 'C', 6, 0),
(241, 3, 'E', 'D', 1, 0),
(242, 3, 'E', 'D', 2, 0),
(243, 3, 'E', 'D', 3, 0),
(244, 3, 'E', 'D', 4, 0),
(245, 3, 'E', 'D', 5, 0),
(246, 3, 'E', 'D', 6, 0),
(247, 3, 'E', 'E', 1, 0),
(248, 3, 'E', 'E', 2, 0),
(249, 3, 'E', 'E', 3, 0),
(250, 3, 'E', 'E', 4, 0),
(251, 3, 'E', 'E', 5, 0),
(252, 3, 'E', 'E', 6, 0),
(253, 4, 'F', 'A', 1, 1),
(254, 4, 'F', 'A', 2, 1),
(255, 4, 'F', 'A', 3, 0),
(256, 4, 'F', 'A', 4, 0),
(257, 4, 'F', 'A', 5, 0),
(258, 4, 'F', 'A', 6, 0),
(259, 4, 'F', 'B', 1, 0),
(260, 4, 'F', 'B', 2, 0),
(261, 4, 'F', 'B', 3, 0),
(262, 4, 'F', 'B', 4, 0),
(263, 4, 'F', 'B', 5, 0),
(264, 4, 'F', 'B', 6, 0),
(265, 4, 'F', 'C', 1, 0),
(266, 4, 'F', 'C', 2, 0),
(267, 4, 'F', 'C', 3, 0),
(268, 4, 'F', 'C', 4, 0),
(269, 4, 'F', 'C', 5, 0),
(270, 4, 'F', 'C', 6, 0),
(271, 4, 'F', 'D', 1, 0),
(272, 4, 'F', 'D', 2, 0),
(273, 4, 'F', 'D', 3, 0),
(274, 4, 'F', 'D', 4, 0),
(275, 4, 'F', 'D', 5, 0),
(276, 4, 'F', 'D', 6, 0),
(277, 4, 'B', 'A', 1, 0),
(278, 4, 'B', 'A', 2, 0),
(279, 4, 'B', 'A', 3, 0),
(280, 4, 'B', 'A', 4, 0),
(281, 4, 'B', 'A', 5, 0),
(282, 4, 'B', 'A', 6, 0),
(283, 4, 'B', 'B', 1, 0),
(284, 4, 'B', 'B', 2, 0),
(285, 4, 'B', 'B', 3, 0),
(286, 4, 'B', 'B', 4, 0),
(287, 4, 'B', 'B', 5, 1),
(288, 4, 'B', 'B', 6, 0),
(289, 4, 'B', 'C', 1, 0),
(290, 4, 'B', 'C', 2, 0),
(291, 4, 'B', 'C', 3, 0),
(292, 4, 'B', 'C', 4, 0),
(293, 4, 'B', 'C', 5, 0),
(294, 4, 'B', 'C', 6, 0),
(295, 4, 'B', 'D', 1, 0),
(296, 4, 'B', 'D', 2, 0),
(297, 4, 'B', 'D', 3, 0),
(298, 4, 'B', 'D', 4, 0),
(299, 4, 'B', 'D', 5, 0),
(300, 4, 'B', 'D', 6, 0),
(301, 4, 'E', 'A', 1, 0),
(302, 4, 'E', 'A', 2, 0),
(303, 4, 'E', 'A', 3, 0),
(304, 4, 'E', 'A', 4, 0),
(305, 4, 'E', 'A', 5, 0),
(306, 4, 'E', 'A', 6, 0),
(307, 4, 'E', 'B', 1, 0),
(308, 4, 'E', 'B', 2, 0),
(309, 4, 'E', 'B', 3, 0),
(310, 4, 'E', 'B', 4, 0),
(311, 4, 'E', 'B', 5, 0),
(312, 4, 'E', 'B', 6, 0),
(313, 4, 'E', 'C', 1, 0),
(314, 4, 'E', 'C', 2, 0),
(315, 4, 'E', 'C', 3, 0),
(316, 4, 'E', 'C', 4, 0),
(317, 4, 'E', 'C', 5, 0),
(318, 4, 'E', 'C', 6, 0),
(319, 4, 'E', 'D', 1, 0),
(320, 4, 'E', 'D', 2, 0),
(321, 4, 'E', 'D', 3, 0),
(322, 4, 'E', 'D', 4, 0),
(323, 4, 'E', 'D', 5, 0),
(324, 4, 'E', 'D', 6, 0),
(325, 5, 'F', 'A', 1, 0),
(326, 5, 'F', 'A', 2, 0),
(327, 5, 'F', 'A', 3, 0),
(328, 5, 'F', 'A', 4, 0),
(329, 5, 'F', 'A', 5, 0),
(330, 5, 'F', 'A', 6, 0),
(331, 5, 'F', 'B', 1, 0),
(332, 5, 'F', 'B', 2, 0),
(333, 5, 'F', 'B', 3, 0),
(334, 5, 'F', 'B', 4, 0),
(335, 5, 'F', 'B', 5, 0),
(336, 5, 'F', 'B', 6, 0),
(337, 5, 'F', 'C', 1, 0),
(338, 5, 'F', 'C', 2, 0),
(339, 5, 'F', 'C', 3, 0),
(340, 5, 'F', 'C', 4, 0),
(341, 5, 'F', 'C', 5, 0),
(342, 5, 'F', 'C', 6, 0),
(343, 5, 'F', 'D', 1, 0),
(344, 5, 'F', 'D', 2, 0),
(345, 5, 'F', 'D', 3, 0),
(346, 5, 'F', 'D', 4, 0),
(347, 5, 'F', 'D', 5, 0),
(348, 5, 'F', 'D', 6, 0),
(349, 5, 'F', 'E', 1, 0),
(350, 5, 'F', 'E', 2, 0),
(351, 5, 'F', 'E', 3, 0),
(352, 5, 'F', 'E', 4, 0),
(353, 5, 'F', 'E', 5, 0),
(354, 5, 'F', 'E', 6, 0),
(355, 5, 'B', 'A', 1, 0),
(356, 5, 'B', 'A', 2, 0),
(357, 5, 'B', 'A', 3, 0),
(358, 5, 'B', 'A', 4, 0),
(359, 5, 'B', 'A', 5, 0),
(360, 5, 'B', 'A', 6, 0),
(361, 5, 'B', 'B', 1, 0),
(362, 5, 'B', 'B', 2, 0),
(363, 5, 'B', 'B', 3, 0),
(364, 5, 'B', 'B', 4, 0),
(365, 5, 'B', 'B', 5, 0),
(366, 5, 'B', 'B', 6, 0),
(367, 5, 'B', 'C', 1, 0),
(368, 5, 'B', 'C', 2, 0),
(369, 5, 'B', 'C', 3, 0),
(370, 5, 'B', 'C', 4, 0),
(371, 5, 'B', 'C', 5, 0),
(372, 5, 'B', 'C', 6, 0),
(373, 5, 'B', 'D', 1, 0),
(374, 5, 'B', 'D', 2, 0),
(375, 5, 'B', 'D', 3, 0),
(376, 5, 'B', 'D', 4, 0),
(377, 5, 'B', 'D', 5, 0),
(378, 5, 'B', 'D', 6, 0),
(379, 5, 'B', 'E', 1, 0),
(380, 5, 'B', 'E', 2, 0),
(381, 5, 'B', 'E', 3, 0),
(382, 5, 'B', 'E', 4, 0),
(383, 5, 'B', 'E', 5, 0),
(384, 5, 'B', 'E', 6, 0),
(385, 5, 'E', 'A', 1, 0),
(386, 5, 'E', 'A', 2, 0),
(387, 5, 'E', 'A', 3, 0),
(388, 5, 'E', 'A', 4, 0),
(389, 5, 'E', 'A', 5, 0),
(390, 5, 'E', 'A', 6, 0),
(391, 5, 'E', 'B', 1, 0),
(392, 5, 'E', 'B', 2, 0),
(393, 5, 'E', 'B', 3, 0),
(394, 5, 'E', 'B', 4, 0),
(395, 5, 'E', 'B', 5, 0),
(396, 5, 'E', 'B', 6, 0),
(397, 5, 'E', 'C', 1, 0),
(398, 5, 'E', 'C', 2, 0),
(399, 5, 'E', 'C', 3, 0),
(400, 5, 'E', 'C', 4, 0),
(401, 5, 'E', 'C', 5, 0),
(402, 5, 'E', 'C', 6, 0),
(403, 5, 'E', 'D', 1, 0),
(404, 5, 'E', 'D', 2, 0),
(405, 5, 'E', 'D', 3, 0),
(406, 5, 'E', 'D', 4, 0),
(407, 5, 'E', 'D', 5, 0),
(408, 5, 'E', 'D', 6, 0),
(409, 5, 'E', 'E', 1, 0),
(410, 5, 'E', 'E', 2, 0),
(411, 5, 'E', 'E', 3, 0),
(412, 5, 'E', 'E', 4, 0),
(413, 5, 'E', 'E', 5, 0),
(414, 5, 'E', 'E', 6, 0),
(415, 6, 'F', 'A', 1, 0),
(416, 6, 'F', 'A', 2, 0),
(417, 6, 'F', 'A', 3, 0),
(418, 6, 'F', 'A', 4, 0),
(419, 6, 'F', 'A', 5, 0),
(420, 6, 'F', 'A', 6, 0),
(421, 6, 'F', 'B', 1, 0),
(422, 6, 'F', 'B', 2, 0),
(423, 6, 'F', 'B', 3, 0),
(424, 6, 'F', 'B', 4, 0),
(425, 6, 'F', 'B', 5, 0),
(426, 6, 'F', 'B', 6, 0),
(427, 6, 'F', 'C', 1, 0),
(428, 6, 'F', 'C', 2, 0),
(429, 6, 'F', 'C', 3, 0),
(430, 6, 'F', 'C', 4, 0),
(431, 6, 'F', 'C', 5, 0),
(432, 6, 'F', 'C', 6, 0),
(433, 6, 'F', 'D', 1, 0),
(434, 6, 'F', 'D', 2, 0),
(435, 6, 'F', 'D', 3, 0),
(436, 6, 'F', 'D', 4, 0),
(437, 6, 'F', 'D', 5, 0),
(438, 6, 'F', 'D', 6, 0),
(439, 6, 'F', 'E', 1, 0),
(440, 6, 'F', 'E', 2, 0),
(441, 6, 'F', 'E', 3, 0),
(442, 6, 'F', 'E', 4, 0),
(443, 6, 'F', 'E', 5, 0),
(444, 6, 'F', 'E', 6, 0),
(445, 6, 'B', 'A', 1, 0),
(446, 6, 'B', 'A', 2, 0),
(447, 6, 'B', 'A', 3, 0),
(448, 6, 'B', 'A', 4, 0),
(449, 6, 'B', 'A', 5, 0),
(450, 6, 'B', 'A', 6, 0),
(451, 6, 'B', 'B', 1, 0),
(452, 6, 'B', 'B', 2, 0),
(453, 6, 'B', 'B', 3, 0),
(454, 6, 'B', 'B', 4, 0),
(455, 6, 'B', 'B', 5, 0),
(456, 6, 'B', 'B', 6, 0),
(457, 6, 'B', 'C', 1, 0),
(458, 6, 'B', 'C', 2, 1),
(459, 6, 'B', 'C', 3, 0),
(460, 6, 'B', 'C', 4, 0),
(461, 6, 'B', 'C', 5, 0),
(462, 6, 'B', 'C', 6, 0),
(463, 6, 'B', 'D', 1, 0),
(464, 6, 'B', 'D', 2, 0),
(465, 6, 'B', 'D', 3, 0),
(466, 6, 'B', 'D', 4, 0),
(467, 6, 'B', 'D', 5, 0),
(468, 6, 'B', 'D', 6, 0),
(469, 6, 'B', 'E', 1, 0),
(470, 6, 'B', 'E', 2, 0),
(471, 6, 'B', 'E', 3, 0),
(472, 6, 'B', 'E', 4, 0),
(473, 6, 'B', 'E', 5, 0),
(474, 6, 'B', 'E', 6, 0),
(475, 6, 'E', 'A', 1, 0),
(476, 6, 'E', 'A', 2, 0),
(477, 6, 'E', 'A', 3, 0),
(478, 6, 'E', 'A', 4, 0),
(479, 6, 'E', 'A', 5, 0),
(480, 6, 'E', 'A', 6, 0),
(481, 6, 'E', 'B', 1, 0),
(482, 6, 'E', 'B', 2, 0),
(483, 6, 'E', 'B', 3, 0),
(484, 6, 'E', 'B', 4, 0),
(485, 6, 'E', 'B', 5, 0),
(486, 6, 'E', 'B', 6, 0),
(487, 6, 'E', 'C', 1, 0),
(488, 6, 'E', 'C', 2, 0),
(489, 6, 'E', 'C', 3, 0),
(490, 6, 'E', 'C', 4, 0),
(491, 6, 'E', 'C', 5, 0),
(492, 6, 'E', 'C', 6, 0),
(493, 6, 'E', 'D', 1, 0),
(494, 6, 'E', 'D', 2, 0),
(495, 6, 'E', 'D', 3, 0),
(496, 6, 'E', 'D', 4, 0),
(497, 6, 'E', 'D', 5, 0),
(498, 6, 'E', 'D', 6, 0),
(499, 6, 'E', 'E', 1, 0),
(500, 6, 'E', 'E', 2, 0),
(501, 6, 'E', 'E', 3, 0),
(502, 6, 'E', 'E', 4, 0),
(503, 6, 'E', 'E', 5, 0),
(504, 6, 'E', 'E', 6, 0),
(505, 7, 'F', 'A', 1, 0),
(506, 7, 'F', 'A', 2, 0),
(507, 7, 'F', 'A', 3, 0),
(508, 7, 'F', 'A', 4, 0),
(509, 7, 'F', 'A', 5, 0),
(510, 7, 'F', 'A', 6, 0),
(511, 7, 'F', 'B', 1, 0),
(512, 7, 'F', 'B', 2, 0),
(513, 7, 'F', 'B', 3, 0),
(514, 7, 'F', 'B', 4, 0),
(515, 7, 'F', 'B', 5, 0),
(516, 7, 'F', 'B', 6, 0),
(517, 7, 'F', 'C', 1, 0),
(518, 7, 'F', 'C', 2, 0),
(519, 7, 'F', 'C', 3, 0),
(520, 7, 'F', 'C', 4, 0),
(521, 7, 'F', 'C', 5, 0),
(522, 7, 'F', 'C', 6, 0),
(523, 7, 'F', 'D', 1, 0),
(524, 7, 'F', 'D', 2, 0),
(525, 7, 'F', 'D', 3, 0),
(526, 7, 'F', 'D', 4, 0),
(527, 7, 'F', 'D', 5, 0),
(528, 7, 'F', 'D', 6, 0),
(529, 7, 'B', 'A', 1, 0),
(530, 7, 'B', 'A', 2, 0),
(531, 7, 'B', 'A', 3, 0),
(532, 7, 'B', 'A', 4, 0),
(533, 7, 'B', 'A', 5, 0),
(534, 7, 'B', 'A', 6, 0),
(535, 7, 'B', 'B', 1, 0),
(536, 7, 'B', 'B', 2, 0),
(537, 7, 'B', 'B', 3, 0),
(538, 7, 'B', 'B', 4, 0),
(539, 7, 'B', 'B', 5, 0),
(540, 7, 'B', 'B', 6, 0),
(541, 7, 'B', 'C', 1, 0),
(542, 7, 'B', 'C', 2, 0),
(543, 7, 'B', 'C', 3, 0),
(544, 7, 'B', 'C', 4, 0),
(545, 7, 'B', 'C', 5, 0),
(546, 7, 'B', 'C', 6, 0),
(547, 7, 'B', 'D', 1, 0),
(548, 7, 'B', 'D', 2, 0),
(549, 7, 'B', 'D', 3, 0),
(550, 7, 'B', 'D', 4, 0),
(551, 7, 'B', 'D', 5, 0),
(552, 7, 'B', 'D', 6, 0),
(553, 7, 'E', 'A', 1, 0),
(554, 7, 'E', 'A', 2, 0),
(555, 7, 'E', 'A', 3, 0),
(556, 7, 'E', 'A', 4, 0),
(557, 7, 'E', 'A', 5, 0),
(558, 7, 'E', 'A', 6, 0),
(559, 7, 'E', 'B', 1, 0),
(560, 7, 'E', 'B', 2, 0),
(561, 7, 'E', 'B', 3, 0),
(562, 7, 'E', 'B', 4, 0),
(563, 7, 'E', 'B', 5, 0),
(564, 7, 'E', 'B', 6, 0),
(565, 7, 'E', 'C', 1, 0),
(566, 7, 'E', 'C', 2, 0),
(567, 7, 'E', 'C', 3, 0),
(568, 7, 'E', 'C', 4, 0),
(569, 7, 'E', 'C', 5, 0),
(570, 7, 'E', 'C', 6, 0),
(571, 7, 'E', 'D', 1, 0),
(572, 7, 'E', 'D', 2, 0),
(573, 7, 'E', 'D', 3, 0),
(574, 7, 'E', 'D', 4, 0),
(575, 7, 'E', 'D', 5, 0),
(576, 7, 'E', 'D', 6, 0),
(577, 8, 'F', 'A', 1, 1),
(578, 8, 'F', 'A', 2, 0),
(579, 8, 'F', 'A', 3, 0),
(580, 8, 'F', 'A', 4, 0),
(581, 8, 'F', 'A', 5, 0),
(582, 8, 'F', 'A', 6, 0),
(583, 8, 'F', 'B', 1, 0),
(584, 8, 'F', 'B', 2, 0),
(585, 8, 'F', 'B', 3, 0),
(586, 8, 'F', 'B', 4, 0),
(587, 8, 'F', 'B', 5, 0),
(588, 8, 'F', 'B', 6, 0),
(589, 8, 'F', 'C', 1, 0),
(590, 8, 'F', 'C', 2, 0),
(591, 8, 'F', 'C', 3, 0),
(592, 8, 'F', 'C', 4, 0),
(593, 8, 'F', 'C', 5, 0),
(594, 8, 'F', 'C', 6, 0),
(595, 8, 'F', 'D', 1, 0),
(596, 8, 'F', 'D', 2, 0),
(597, 8, 'F', 'D', 3, 0),
(598, 8, 'F', 'D', 4, 0),
(599, 8, 'F', 'D', 5, 0),
(600, 8, 'F', 'D', 6, 0),
(601, 8, 'B', 'A', 1, 0),
(602, 8, 'B', 'A', 2, 1),
(603, 8, 'B', 'A', 3, 0),
(604, 8, 'B', 'A', 4, 0),
(605, 8, 'B', 'A', 5, 0),
(606, 8, 'B', 'A', 6, 0),
(607, 8, 'B', 'B', 1, 0),
(608, 8, 'B', 'B', 2, 0),
(609, 8, 'B', 'B', 3, 0),
(610, 8, 'B', 'B', 4, 0),
(611, 8, 'B', 'B', 5, 0),
(612, 8, 'B', 'B', 6, 0),
(613, 8, 'B', 'C', 1, 0),
(614, 8, 'B', 'C', 2, 0),
(615, 8, 'B', 'C', 3, 0),
(616, 8, 'B', 'C', 4, 0),
(617, 8, 'B', 'C', 5, 0),
(618, 8, 'B', 'C', 6, 0),
(619, 8, 'B', 'D', 1, 0),
(620, 8, 'B', 'D', 2, 1),
(621, 8, 'B', 'D', 3, 0),
(622, 8, 'B', 'D', 4, 0),
(623, 8, 'B', 'D', 5, 1),
(624, 8, 'B', 'D', 6, 0),
(625, 8, 'E', 'A', 1, 0),
(626, 8, 'E', 'A', 2, 0),
(627, 8, 'E', 'A', 3, 0),
(628, 8, 'E', 'A', 4, 0),
(629, 8, 'E', 'A', 5, 0),
(630, 8, 'E', 'A', 6, 0),
(631, 8, 'E', 'B', 1, 0),
(632, 8, 'E', 'B', 2, 0),
(633, 8, 'E', 'B', 3, 0),
(634, 8, 'E', 'B', 4, 0),
(635, 8, 'E', 'B', 5, 0),
(636, 8, 'E', 'B', 6, 0),
(637, 8, 'E', 'C', 1, 0),
(638, 8, 'E', 'C', 2, 0),
(639, 8, 'E', 'C', 3, 0),
(640, 8, 'E', 'C', 4, 0),
(641, 8, 'E', 'C', 5, 0),
(642, 8, 'E', 'C', 6, 0),
(643, 8, 'E', 'D', 1, 0),
(644, 8, 'E', 'D', 2, 0),
(645, 8, 'E', 'D', 3, 0),
(646, 8, 'E', 'D', 4, 0),
(647, 8, 'E', 'D', 5, 0),
(648, 8, 'E', 'D', 6, 0),
(649, 9, 'F', 'A', 1, 0),
(650, 9, 'F', 'A', 2, 0),
(651, 9, 'F', 'A', 3, 0),
(652, 9, 'F', 'A', 4, 0),
(653, 9, 'F', 'A', 5, 0),
(654, 9, 'F', 'A', 6, 0),
(655, 9, 'F', 'B', 1, 0),
(656, 9, 'F', 'B', 2, 0),
(657, 9, 'F', 'B', 3, 0),
(658, 9, 'F', 'B', 4, 0),
(659, 9, 'F', 'B', 5, 0),
(660, 9, 'F', 'B', 6, 0),
(661, 9, 'F', 'C', 1, 0),
(662, 9, 'F', 'C', 2, 0),
(663, 9, 'F', 'C', 3, 0),
(664, 9, 'F', 'C', 4, 0),
(665, 9, 'F', 'C', 5, 0),
(666, 9, 'F', 'C', 6, 0),
(667, 9, 'F', 'D', 1, 0),
(668, 9, 'F', 'D', 2, 0),
(669, 9, 'F', 'D', 3, 0),
(670, 9, 'F', 'D', 4, 0),
(671, 9, 'F', 'D', 5, 0),
(672, 9, 'F', 'D', 6, 0),
(673, 9, 'F', 'E', 1, 0),
(674, 9, 'F', 'E', 2, 0),
(675, 9, 'F', 'E', 3, 0),
(676, 9, 'F', 'E', 4, 0),
(677, 9, 'F', 'E', 5, 0),
(678, 9, 'F', 'E', 6, 0),
(679, 9, 'B', 'A', 1, 0),
(680, 9, 'B', 'A', 2, 0),
(681, 9, 'B', 'A', 3, 0),
(682, 9, 'B', 'A', 4, 0),
(683, 9, 'B', 'A', 5, 0),
(684, 9, 'B', 'A', 6, 0),
(685, 9, 'B', 'B', 1, 0),
(686, 9, 'B', 'B', 2, 0),
(687, 9, 'B', 'B', 3, 0),
(688, 9, 'B', 'B', 4, 0),
(689, 9, 'B', 'B', 5, 0),
(690, 9, 'B', 'B', 6, 0),
(691, 9, 'B', 'C', 1, 0),
(692, 9, 'B', 'C', 2, 0),
(693, 9, 'B', 'C', 3, 0),
(694, 9, 'B', 'C', 4, 0),
(695, 9, 'B', 'C', 5, 0),
(696, 9, 'B', 'C', 6, 0),
(697, 9, 'B', 'D', 1, 0),
(698, 9, 'B', 'D', 2, 0),
(699, 9, 'B', 'D', 3, 0),
(700, 9, 'B', 'D', 4, 0),
(701, 9, 'B', 'D', 5, 0),
(702, 9, 'B', 'D', 6, 1),
(703, 9, 'B', 'E', 1, 0),
(704, 9, 'B', 'E', 2, 0),
(705, 9, 'B', 'E', 3, 0),
(706, 9, 'B', 'E', 4, 0),
(707, 9, 'B', 'E', 5, 0),
(708, 9, 'B', 'E', 6, 0),
(709, 9, 'E', 'A', 1, 0),
(710, 9, 'E', 'A', 2, 0),
(711, 9, 'E', 'A', 3, 0),
(712, 9, 'E', 'A', 4, 0),
(713, 9, 'E', 'A', 5, 0),
(714, 9, 'E', 'A', 6, 0),
(715, 9, 'E', 'B', 1, 0),
(716, 9, 'E', 'B', 2, 0),
(717, 9, 'E', 'B', 3, 0),
(718, 9, 'E', 'B', 4, 0),
(719, 9, 'E', 'B', 5, 0),
(720, 9, 'E', 'B', 6, 0),
(721, 9, 'E', 'C', 1, 0),
(722, 9, 'E', 'C', 2, 0),
(723, 9, 'E', 'C', 3, 0),
(724, 9, 'E', 'C', 4, 0),
(725, 9, 'E', 'C', 5, 0),
(726, 9, 'E', 'C', 6, 0),
(727, 9, 'E', 'D', 1, 0),
(728, 9, 'E', 'D', 2, 0),
(729, 9, 'E', 'D', 3, 0),
(730, 9, 'E', 'D', 4, 0),
(731, 9, 'E', 'D', 5, 0),
(732, 9, 'E', 'D', 6, 0),
(733, 9, 'E', 'E', 1, 0),
(734, 9, 'E', 'E', 2, 0),
(735, 9, 'E', 'E', 3, 0),
(736, 9, 'E', 'E', 4, 0),
(737, 9, 'E', 'E', 5, 0),
(738, 9, 'E', 'E', 6, 0),
(739, 10, 'F', 'A', 1, 0),
(740, 10, 'F', 'A', 2, 0),
(741, 10, 'F', 'A', 3, 0),
(742, 10, 'F', 'A', 4, 0),
(743, 10, 'F', 'A', 5, 0),
(744, 10, 'F', 'A', 6, 0),
(745, 10, 'F', 'B', 1, 0),
(746, 10, 'F', 'B', 2, 0),
(747, 10, 'F', 'B', 3, 0),
(748, 10, 'F', 'B', 4, 0),
(749, 10, 'F', 'B', 5, 0),
(750, 10, 'F', 'B', 6, 0),
(751, 10, 'F', 'C', 1, 0),
(752, 10, 'F', 'C', 2, 0),
(753, 10, 'F', 'C', 3, 0),
(754, 10, 'F', 'C', 4, 0),
(755, 10, 'F', 'C', 5, 0),
(756, 10, 'F', 'C', 6, 0),
(757, 10, 'F', 'D', 1, 0),
(758, 10, 'F', 'D', 2, 0),
(759, 10, 'F', 'D', 3, 0),
(760, 10, 'F', 'D', 4, 0),
(761, 10, 'F', 'D', 5, 0),
(762, 10, 'F', 'D', 6, 0),
(763, 10, 'F', 'E', 1, 0),
(764, 10, 'F', 'E', 2, 0),
(765, 10, 'F', 'E', 3, 0),
(766, 10, 'F', 'E', 4, 0),
(767, 10, 'F', 'E', 5, 0),
(768, 10, 'F', 'E', 6, 1),
(769, 10, 'B', 'A', 1, 0),
(770, 10, 'B', 'A', 2, 0),
(771, 10, 'B', 'A', 3, 0),
(772, 10, 'B', 'A', 4, 0),
(773, 10, 'B', 'A', 5, 0),
(774, 10, 'B', 'A', 6, 0),
(775, 10, 'B', 'B', 1, 0),
(776, 10, 'B', 'B', 2, 0),
(777, 10, 'B', 'B', 3, 0),
(778, 10, 'B', 'B', 4, 0),
(779, 10, 'B', 'B', 5, 0),
(780, 10, 'B', 'B', 6, 0),
(781, 10, 'B', 'C', 1, 0),
(782, 10, 'B', 'C', 2, 0),
(783, 10, 'B', 'C', 3, 0),
(784, 10, 'B', 'C', 4, 0),
(785, 10, 'B', 'C', 5, 0),
(786, 10, 'B', 'C', 6, 0),
(787, 10, 'B', 'D', 1, 0),
(788, 10, 'B', 'D', 2, 0),
(789, 10, 'B', 'D', 3, 0),
(790, 10, 'B', 'D', 4, 0),
(791, 10, 'B', 'D', 5, 0),
(792, 10, 'B', 'D', 6, 0),
(793, 10, 'B', 'E', 1, 0),
(794, 10, 'B', 'E', 2, 0),
(795, 10, 'B', 'E', 3, 0),
(796, 10, 'B', 'E', 4, 0),
(797, 10, 'B', 'E', 5, 0),
(798, 10, 'B', 'E', 6, 0),
(799, 10, 'E', 'A', 1, 0),
(800, 10, 'E', 'A', 2, 0),
(801, 10, 'E', 'A', 3, 0),
(802, 10, 'E', 'A', 4, 0),
(803, 10, 'E', 'A', 5, 0),
(804, 10, 'E', 'A', 6, 0),
(805, 10, 'E', 'B', 1, 0),
(806, 10, 'E', 'B', 2, 0),
(807, 10, 'E', 'B', 3, 0),
(808, 10, 'E', 'B', 4, 0),
(809, 10, 'E', 'B', 5, 0),
(810, 10, 'E', 'B', 6, 0),
(811, 10, 'E', 'C', 1, 0),
(812, 10, 'E', 'C', 2, 0),
(813, 10, 'E', 'C', 3, 0),
(814, 10, 'E', 'C', 4, 0),
(815, 10, 'E', 'C', 5, 0),
(816, 10, 'E', 'C', 6, 0),
(817, 10, 'E', 'D', 1, 0),
(818, 10, 'E', 'D', 2, 0),
(819, 10, 'E', 'D', 3, 0),
(820, 10, 'E', 'D', 4, 0),
(821, 10, 'E', 'D', 5, 0),
(822, 10, 'E', 'D', 6, 0),
(823, 10, 'E', 'E', 1, 0),
(824, 10, 'E', 'E', 2, 0),
(825, 10, 'E', 'E', 3, 0),
(826, 10, 'E', 'E', 4, 0),
(827, 10, 'E', 'E', 5, 0),
(828, 10, 'E', 'E', 6, 0),
(829, 11, 'F', 'A', 1, 0),
(830, 11, 'F', 'A', 2, 0),
(831, 11, 'F', 'A', 3, 0),
(832, 11, 'F', 'A', 4, 0),
(833, 11, 'F', 'A', 5, 0),
(834, 11, 'F', 'A', 6, 0),
(835, 11, 'F', 'B', 1, 0),
(836, 11, 'F', 'B', 2, 0),
(837, 11, 'F', 'B', 3, 0),
(838, 11, 'F', 'B', 4, 0),
(839, 11, 'F', 'B', 5, 0),
(840, 11, 'F', 'B', 6, 0),
(841, 11, 'F', 'C', 1, 0),
(842, 11, 'F', 'C', 2, 0),
(843, 11, 'F', 'C', 3, 0),
(844, 11, 'F', 'C', 4, 0),
(845, 11, 'F', 'C', 5, 0),
(846, 11, 'F', 'C', 6, 0),
(847, 11, 'F', 'D', 1, 0),
(848, 11, 'F', 'D', 2, 0),
(849, 11, 'F', 'D', 3, 0),
(850, 11, 'F', 'D', 4, 0),
(851, 11, 'F', 'D', 5, 0),
(852, 11, 'F', 'D', 6, 0),
(853, 11, 'F', 'E', 1, 0),
(854, 11, 'F', 'E', 2, 0),
(855, 11, 'F', 'E', 3, 0),
(856, 11, 'F', 'E', 4, 0),
(857, 11, 'F', 'E', 5, 0),
(858, 11, 'F', 'E', 6, 0),
(859, 11, 'B', 'A', 1, 0),
(860, 11, 'B', 'A', 2, 0),
(861, 11, 'B', 'A', 3, 0),
(862, 11, 'B', 'A', 4, 0),
(863, 11, 'B', 'A', 5, 0),
(864, 11, 'B', 'A', 6, 0),
(865, 11, 'B', 'B', 1, 0),
(866, 11, 'B', 'B', 2, 0),
(867, 11, 'B', 'B', 3, 0),
(868, 11, 'B', 'B', 4, 0),
(869, 11, 'B', 'B', 5, 0),
(870, 11, 'B', 'B', 6, 0),
(871, 11, 'B', 'C', 1, 0),
(872, 11, 'B', 'C', 2, 0),
(873, 11, 'B', 'C', 3, 0),
(874, 11, 'B', 'C', 4, 0),
(875, 11, 'B', 'C', 5, 0),
(876, 11, 'B', 'C', 6, 0),
(877, 11, 'B', 'D', 1, 0),
(878, 11, 'B', 'D', 2, 0),
(879, 11, 'B', 'D', 3, 0),
(880, 11, 'B', 'D', 4, 0),
(881, 11, 'B', 'D', 5, 0),
(882, 11, 'B', 'D', 6, 0),
(883, 11, 'B', 'E', 1, 0),
(884, 11, 'B', 'E', 2, 0),
(885, 11, 'B', 'E', 3, 0),
(886, 11, 'B', 'E', 4, 0),
(887, 11, 'B', 'E', 5, 0),
(888, 11, 'B', 'E', 6, 0),
(889, 11, 'E', 'A', 1, 0),
(890, 11, 'E', 'A', 2, 0),
(891, 11, 'E', 'A', 3, 0),
(892, 11, 'E', 'A', 4, 0),
(893, 11, 'E', 'A', 5, 0),
(894, 11, 'E', 'A', 6, 0),
(895, 11, 'E', 'B', 1, 0),
(896, 11, 'E', 'B', 2, 0),
(897, 11, 'E', 'B', 3, 0),
(898, 11, 'E', 'B', 4, 0),
(899, 11, 'E', 'B', 5, 0),
(900, 11, 'E', 'B', 6, 0),
(901, 11, 'E', 'C', 1, 0),
(902, 11, 'E', 'C', 2, 0),
(903, 11, 'E', 'C', 3, 0),
(904, 11, 'E', 'C', 4, 0),
(905, 11, 'E', 'C', 5, 0),
(906, 11, 'E', 'C', 6, 0),
(907, 11, 'E', 'D', 1, 0),
(908, 11, 'E', 'D', 2, 0),
(909, 11, 'E', 'D', 3, 0),
(910, 11, 'E', 'D', 4, 0),
(911, 11, 'E', 'D', 5, 0),
(912, 11, 'E', 'D', 6, 0),
(913, 11, 'E', 'E', 1, 0),
(914, 11, 'E', 'E', 2, 0),
(915, 11, 'E', 'E', 3, 0),
(916, 11, 'E', 'E', 4, 0),
(917, 11, 'E', 'E', 5, 0),
(918, 11, 'E', 'E', 6, 0),
(919, 12, 'F', 'A', 1, 0),
(920, 12, 'F', 'A', 2, 0),
(921, 12, 'F', 'A', 3, 0),
(922, 12, 'F', 'A', 4, 0),
(923, 12, 'F', 'A', 5, 0),
(924, 12, 'F', 'A', 6, 0),
(925, 12, 'F', 'B', 1, 0),
(926, 12, 'F', 'B', 2, 0),
(927, 12, 'F', 'B', 3, 0),
(928, 12, 'F', 'B', 4, 0),
(929, 12, 'F', 'B', 5, 0),
(930, 12, 'F', 'B', 6, 0),
(931, 12, 'F', 'C', 1, 0),
(932, 12, 'F', 'C', 2, 0),
(933, 12, 'F', 'C', 3, 0),
(934, 12, 'F', 'C', 4, 0),
(935, 12, 'F', 'C', 5, 0),
(936, 12, 'F', 'C', 6, 0),
(937, 12, 'F', 'D', 1, 0),
(938, 12, 'F', 'D', 2, 0),
(939, 12, 'F', 'D', 3, 0),
(940, 12, 'F', 'D', 4, 0),
(941, 12, 'F', 'D', 5, 0),
(942, 12, 'F', 'D', 6, 0),
(943, 12, 'F', 'E', 1, 0),
(944, 12, 'F', 'E', 2, 0),
(945, 12, 'F', 'E', 3, 0),
(946, 12, 'F', 'E', 4, 0),
(947, 12, 'F', 'E', 5, 0),
(948, 12, 'F', 'E', 6, 0),
(949, 12, 'B', 'A', 1, 0),
(950, 12, 'B', 'A', 2, 0),
(951, 12, 'B', 'A', 3, 0),
(952, 12, 'B', 'A', 4, 0),
(953, 12, 'B', 'A', 5, 0),
(954, 12, 'B', 'A', 6, 0),
(955, 12, 'B', 'B', 1, 0),
(956, 12, 'B', 'B', 2, 0),
(957, 12, 'B', 'B', 3, 0),
(958, 12, 'B', 'B', 4, 0),
(959, 12, 'B', 'B', 5, 0),
(960, 12, 'B', 'B', 6, 0),
(961, 12, 'B', 'C', 1, 0),
(962, 12, 'B', 'C', 2, 0),
(963, 12, 'B', 'C', 3, 0),
(964, 12, 'B', 'C', 4, 0),
(965, 12, 'B', 'C', 5, 0),
(966, 12, 'B', 'C', 6, 0),
(967, 12, 'B', 'D', 1, 0),
(968, 12, 'B', 'D', 2, 0),
(969, 12, 'B', 'D', 3, 0),
(970, 12, 'B', 'D', 4, 0),
(971, 12, 'B', 'D', 5, 0),
(972, 12, 'B', 'D', 6, 0),
(973, 12, 'B', 'E', 1, 0),
(974, 12, 'B', 'E', 2, 0),
(975, 12, 'B', 'E', 3, 0),
(976, 12, 'B', 'E', 4, 0),
(977, 12, 'B', 'E', 5, 0),
(978, 12, 'B', 'E', 6, 0),
(979, 12, 'E', 'A', 1, 0),
(980, 12, 'E', 'A', 2, 0),
(981, 12, 'E', 'A', 3, 0),
(982, 12, 'E', 'A', 4, 0),
(983, 12, 'E', 'A', 5, 0),
(984, 12, 'E', 'A', 6, 0),
(985, 12, 'E', 'B', 1, 0),
(986, 12, 'E', 'B', 2, 0),
(987, 12, 'E', 'B', 3, 0),
(988, 12, 'E', 'B', 4, 0),
(989, 12, 'E', 'B', 5, 0),
(990, 12, 'E', 'B', 6, 0),
(991, 12, 'E', 'C', 1, 0),
(992, 12, 'E', 'C', 2, 0),
(993, 12, 'E', 'C', 3, 0),
(994, 12, 'E', 'C', 4, 0),
(995, 12, 'E', 'C', 5, 0),
(996, 12, 'E', 'C', 6, 0),
(997, 12, 'E', 'D', 1, 0),
(998, 12, 'E', 'D', 2, 0),
(999, 12, 'E', 'D', 3, 0),
(1000, 12, 'E', 'D', 4, 0),
(1001, 12, 'E', 'D', 5, 0),
(1002, 12, 'E', 'D', 6, 0),
(1003, 12, 'E', 'E', 1, 0),
(1004, 12, 'E', 'E', 2, 0),
(1005, 12, 'E', 'E', 3, 0),
(1006, 12, 'E', 'E', 4, 0),
(1007, 12, 'E', 'E', 5, 0),
(1008, 12, 'E', 'E', 6, 0),
(1009, 13, 'F', 'A', 1, 0),
(1010, 13, 'F', 'A', 2, 0),
(1011, 13, 'F', 'A', 3, 0),
(1012, 13, 'F', 'A', 4, 0),
(1013, 13, 'F', 'A', 5, 0),
(1014, 13, 'F', 'A', 6, 0),
(1015, 13, 'F', 'B', 1, 0),
(1016, 13, 'F', 'B', 2, 0),
(1017, 13, 'F', 'B', 3, 0),
(1018, 13, 'F', 'B', 4, 0),
(1019, 13, 'F', 'B', 5, 0),
(1020, 13, 'F', 'B', 6, 0),
(1021, 13, 'F', 'C', 1, 0),
(1022, 13, 'F', 'C', 2, 0),
(1023, 13, 'F', 'C', 3, 0),
(1024, 13, 'F', 'C', 4, 0),
(1025, 13, 'F', 'C', 5, 0),
(1026, 13, 'F', 'C', 6, 0),
(1027, 13, 'F', 'D', 1, 0),
(1028, 13, 'F', 'D', 2, 0),
(1029, 13, 'F', 'D', 3, 0),
(1030, 13, 'F', 'D', 4, 0),
(1031, 13, 'F', 'D', 5, 0),
(1032, 13, 'F', 'D', 6, 0),
(1033, 13, 'F', 'E', 1, 0),
(1034, 13, 'F', 'E', 2, 0),
(1035, 13, 'F', 'E', 3, 0),
(1036, 13, 'F', 'E', 4, 0),
(1037, 13, 'F', 'E', 5, 0),
(1038, 13, 'F', 'E', 6, 0),
(1039, 13, 'B', 'A', 1, 0),
(1040, 13, 'B', 'A', 2, 0),
(1041, 13, 'B', 'A', 3, 0),
(1042, 13, 'B', 'A', 4, 0),
(1043, 13, 'B', 'A', 5, 0),
(1044, 13, 'B', 'A', 6, 0),
(1045, 13, 'B', 'B', 1, 0),
(1046, 13, 'B', 'B', 2, 0),
(1047, 13, 'B', 'B', 3, 0),
(1048, 13, 'B', 'B', 4, 0),
(1049, 13, 'B', 'B', 5, 0),
(1050, 13, 'B', 'B', 6, 0),
(1051, 13, 'B', 'C', 1, 0),
(1052, 13, 'B', 'C', 2, 0),
(1053, 13, 'B', 'C', 3, 0),
(1054, 13, 'B', 'C', 4, 0),
(1055, 13, 'B', 'C', 5, 0),
(1056, 13, 'B', 'C', 6, 0),
(1057, 13, 'B', 'D', 1, 0),
(1058, 13, 'B', 'D', 2, 0),
(1059, 13, 'B', 'D', 3, 0),
(1060, 13, 'B', 'D', 4, 0),
(1061, 13, 'B', 'D', 5, 0),
(1062, 13, 'B', 'D', 6, 0),
(1063, 13, 'B', 'E', 1, 0),
(1064, 13, 'B', 'E', 2, 0),
(1065, 13, 'B', 'E', 3, 0),
(1066, 13, 'B', 'E', 4, 0),
(1067, 13, 'B', 'E', 5, 0),
(1068, 13, 'B', 'E', 6, 0),
(1069, 13, 'E', 'A', 1, 0),
(1070, 13, 'E', 'A', 2, 0),
(1071, 13, 'E', 'A', 3, 0),
(1072, 13, 'E', 'A', 4, 0),
(1073, 13, 'E', 'A', 5, 0),
(1074, 13, 'E', 'A', 6, 0),
(1075, 13, 'E', 'B', 1, 0),
(1076, 13, 'E', 'B', 2, 0),
(1077, 13, 'E', 'B', 3, 0),
(1078, 13, 'E', 'B', 4, 0),
(1079, 13, 'E', 'B', 5, 0),
(1080, 13, 'E', 'B', 6, 0),
(1081, 13, 'E', 'C', 1, 0),
(1082, 13, 'E', 'C', 2, 0),
(1083, 13, 'E', 'C', 3, 0),
(1084, 13, 'E', 'C', 4, 0),
(1085, 13, 'E', 'C', 5, 0),
(1086, 13, 'E', 'C', 6, 0),
(1087, 13, 'E', 'D', 1, 0),
(1088, 13, 'E', 'D', 2, 0),
(1089, 13, 'E', 'D', 3, 0),
(1090, 13, 'E', 'D', 4, 0),
(1091, 13, 'E', 'D', 5, 0),
(1092, 13, 'E', 'D', 6, 0),
(1093, 13, 'E', 'E', 1, 0),
(1094, 13, 'E', 'E', 2, 0),
(1095, 13, 'E', 'E', 3, 0),
(1096, 13, 'E', 'E', 4, 0),
(1097, 13, 'E', 'E', 5, 0),
(1098, 13, 'E', 'E', 6, 0),
(1099, 14, 'F', 'A', 1, 1),
(1100, 14, 'F', 'A', 2, 1),
(1101, 14, 'F', 'A', 3, 1),
(1102, 14, 'F', 'A', 4, 0),
(1103, 14, 'F', 'A', 5, 0),
(1104, 14, 'F', 'A', 6, 0),
(1105, 14, 'F', 'B', 1, 0),
(1106, 14, 'F', 'B', 2, 0),
(1107, 14, 'F', 'B', 3, 0),
(1108, 14, 'F', 'B', 4, 0),
(1109, 14, 'F', 'B', 5, 0),
(1110, 14, 'F', 'B', 6, 0),
(1111, 14, 'F', 'C', 1, 0),
(1112, 14, 'F', 'C', 2, 0),
(1113, 14, 'F', 'C', 3, 0),
(1114, 14, 'F', 'C', 4, 0),
(1115, 14, 'F', 'C', 5, 0),
(1116, 14, 'F', 'C', 6, 0),
(1117, 14, 'F', 'D', 1, 0),
(1118, 14, 'F', 'D', 2, 0),
(1119, 14, 'F', 'D', 3, 0),
(1120, 14, 'F', 'D', 4, 0),
(1121, 14, 'F', 'D', 5, 0),
(1122, 14, 'F', 'D', 6, 0),
(1123, 14, 'F', 'E', 1, 0),
(1124, 14, 'F', 'E', 2, 0),
(1125, 14, 'F', 'E', 3, 0),
(1126, 14, 'F', 'E', 4, 0),
(1127, 14, 'F', 'E', 5, 0),
(1128, 14, 'F', 'E', 6, 0),
(1129, 14, 'B', 'A', 1, 0),
(1130, 14, 'B', 'A', 2, 0),
(1131, 14, 'B', 'A', 3, 0),
(1132, 14, 'B', 'A', 4, 0),
(1133, 14, 'B', 'A', 5, 0),
(1134, 14, 'B', 'A', 6, 0),
(1135, 14, 'B', 'B', 1, 0),
(1136, 14, 'B', 'B', 2, 0),
(1137, 14, 'B', 'B', 3, 0),
(1138, 14, 'B', 'B', 4, 0),
(1139, 14, 'B', 'B', 5, 0),
(1140, 14, 'B', 'B', 6, 0),
(1141, 14, 'B', 'C', 1, 0),
(1142, 14, 'B', 'C', 2, 0),
(1143, 14, 'B', 'C', 3, 0),
(1144, 14, 'B', 'C', 4, 0),
(1145, 14, 'B', 'C', 5, 0),
(1146, 14, 'B', 'C', 6, 0),
(1147, 14, 'B', 'D', 1, 0),
(1148, 14, 'B', 'D', 2, 0),
(1149, 14, 'B', 'D', 3, 0),
(1150, 14, 'B', 'D', 4, 0),
(1151, 14, 'B', 'D', 5, 0),
(1152, 14, 'B', 'D', 6, 0),
(1153, 14, 'B', 'E', 1, 0),
(1154, 14, 'B', 'E', 2, 0),
(1155, 14, 'B', 'E', 3, 0),
(1156, 14, 'B', 'E', 4, 0),
(1157, 14, 'B', 'E', 5, 0),
(1158, 14, 'B', 'E', 6, 0),
(1159, 14, 'E', 'A', 1, 1),
(1160, 14, 'E', 'A', 2, 0),
(1161, 14, 'E', 'A', 3, 0),
(1162, 14, 'E', 'A', 4, 0),
(1163, 14, 'E', 'A', 5, 0),
(1164, 14, 'E', 'A', 6, 0),
(1165, 14, 'E', 'B', 1, 0),
(1166, 14, 'E', 'B', 2, 0),
(1167, 14, 'E', 'B', 3, 0),
(1168, 14, 'E', 'B', 4, 0),
(1169, 14, 'E', 'B', 5, 0),
(1170, 14, 'E', 'B', 6, 0),
(1171, 14, 'E', 'C', 1, 0),
(1172, 14, 'E', 'C', 2, 0),
(1173, 14, 'E', 'C', 3, 0),
(1174, 14, 'E', 'C', 4, 0),
(1175, 14, 'E', 'C', 5, 0),
(1176, 14, 'E', 'C', 6, 0),
(1177, 14, 'E', 'D', 1, 0),
(1178, 14, 'E', 'D', 2, 0),
(1179, 14, 'E', 'D', 3, 0),
(1180, 14, 'E', 'D', 4, 0),
(1181, 14, 'E', 'D', 5, 0),
(1182, 14, 'E', 'D', 6, 0),
(1183, 14, 'E', 'E', 1, 0),
(1184, 14, 'E', 'E', 2, 0),
(1185, 14, 'E', 'E', 3, 0),
(1186, 14, 'E', 'E', 4, 0),
(1187, 14, 'E', 'E', 5, 0),
(1188, 14, 'E', 'E', 6, 0),
(1189, 15, 'F', 'A', 1, 0),
(1190, 15, 'F', 'A', 2, 0),
(1191, 15, 'F', 'A', 3, 0),
(1192, 15, 'F', 'A', 4, 0),
(1193, 15, 'F', 'A', 5, 0),
(1194, 15, 'F', 'A', 6, 0),
(1195, 15, 'F', 'B', 1, 0),
(1196, 15, 'F', 'B', 2, 0),
(1197, 15, 'F', 'B', 3, 0),
(1198, 15, 'F', 'B', 4, 0),
(1199, 15, 'F', 'B', 5, 0),
(1200, 15, 'F', 'B', 6, 0),
(1201, 15, 'F', 'C', 1, 0),
(1202, 15, 'F', 'C', 2, 0),
(1203, 15, 'F', 'C', 3, 0),
(1204, 15, 'F', 'C', 4, 0),
(1205, 15, 'F', 'C', 5, 0),
(1206, 15, 'F', 'C', 6, 0),
(1207, 15, 'F', 'D', 1, 0),
(1208, 15, 'F', 'D', 2, 0),
(1209, 15, 'F', 'D', 3, 0),
(1210, 15, 'F', 'D', 4, 0),
(1211, 15, 'F', 'D', 5, 0),
(1212, 15, 'F', 'D', 6, 0),
(1213, 15, 'F', 'E', 1, 0),
(1214, 15, 'F', 'E', 2, 0),
(1215, 15, 'F', 'E', 3, 0),
(1216, 15, 'F', 'E', 4, 0),
(1217, 15, 'F', 'E', 5, 0),
(1218, 15, 'F', 'E', 6, 0),
(1219, 15, 'B', 'A', 1, 0),
(1220, 15, 'B', 'A', 2, 0),
(1221, 15, 'B', 'A', 3, 0),
(1222, 15, 'B', 'A', 4, 0),
(1223, 15, 'B', 'A', 5, 0),
(1224, 15, 'B', 'A', 6, 0),
(1225, 15, 'B', 'B', 1, 0),
(1226, 15, 'B', 'B', 2, 0),
(1227, 15, 'B', 'B', 3, 0),
(1228, 15, 'B', 'B', 4, 0),
(1229, 15, 'B', 'B', 5, 0),
(1230, 15, 'B', 'B', 6, 0),
(1231, 15, 'B', 'C', 1, 0),
(1232, 15, 'B', 'C', 2, 0),
(1233, 15, 'B', 'C', 3, 0),
(1234, 15, 'B', 'C', 4, 0),
(1235, 15, 'B', 'C', 5, 0),
(1236, 15, 'B', 'C', 6, 0),
(1237, 15, 'B', 'D', 1, 0),
(1238, 15, 'B', 'D', 2, 0),
(1239, 15, 'B', 'D', 3, 0),
(1240, 15, 'B', 'D', 4, 0),
(1241, 15, 'B', 'D', 5, 0),
(1242, 15, 'B', 'D', 6, 0),
(1243, 15, 'B', 'E', 1, 0),
(1244, 15, 'B', 'E', 2, 0),
(1245, 15, 'B', 'E', 3, 0),
(1246, 15, 'B', 'E', 4, 0),
(1247, 15, 'B', 'E', 5, 0),
(1248, 15, 'B', 'E', 6, 0),
(1249, 15, 'E', 'A', 1, 0),
(1250, 15, 'E', 'A', 2, 0),
(1251, 15, 'E', 'A', 3, 0),
(1252, 15, 'E', 'A', 4, 0),
(1253, 15, 'E', 'A', 5, 0),
(1254, 15, 'E', 'A', 6, 0),
(1255, 15, 'E', 'B', 1, 0),
(1256, 15, 'E', 'B', 2, 0),
(1257, 15, 'E', 'B', 3, 0),
(1258, 15, 'E', 'B', 4, 0),
(1259, 15, 'E', 'B', 5, 0),
(1260, 15, 'E', 'B', 6, 0),
(1261, 15, 'E', 'C', 1, 0),
(1262, 15, 'E', 'C', 2, 0),
(1263, 15, 'E', 'C', 3, 0),
(1264, 15, 'E', 'C', 4, 0),
(1265, 15, 'E', 'C', 5, 0),
(1266, 15, 'E', 'C', 6, 0),
(1267, 15, 'E', 'D', 1, 0),
(1268, 15, 'E', 'D', 2, 0),
(1269, 15, 'E', 'D', 3, 0),
(1270, 15, 'E', 'D', 4, 0),
(1271, 15, 'E', 'D', 5, 0),
(1272, 15, 'E', 'D', 6, 0),
(1273, 15, 'E', 'E', 1, 0),
(1274, 15, 'E', 'E', 2, 0),
(1275, 15, 'E', 'E', 3, 0),
(1276, 15, 'E', 'E', 4, 0),
(1277, 15, 'E', 'E', 5, 0),
(1278, 15, 'E', 'E', 6, 0),
(1279, 16, 'F', 'A', 1, 0),
(1280, 16, 'F', 'A', 2, 0),
(1281, 16, 'F', 'A', 3, 0),
(1282, 16, 'F', 'A', 4, 0),
(1283, 16, 'F', 'A', 5, 0),
(1284, 16, 'F', 'A', 6, 0),
(1285, 16, 'F', 'B', 1, 0),
(1286, 16, 'F', 'B', 2, 0),
(1287, 16, 'F', 'B', 3, 0),
(1288, 16, 'F', 'B', 4, 0),
(1289, 16, 'F', 'B', 5, 0),
(1290, 16, 'F', 'B', 6, 0),
(1291, 16, 'F', 'C', 1, 0),
(1292, 16, 'F', 'C', 2, 0),
(1293, 16, 'F', 'C', 3, 0),
(1294, 16, 'F', 'C', 4, 0),
(1295, 16, 'F', 'C', 5, 0),
(1296, 16, 'F', 'C', 6, 0),
(1297, 16, 'F', 'D', 1, 0),
(1298, 16, 'F', 'D', 2, 0),
(1299, 16, 'F', 'D', 3, 0),
(1300, 16, 'F', 'D', 4, 0),
(1301, 16, 'F', 'D', 5, 0),
(1302, 16, 'F', 'D', 6, 0),
(1303, 16, 'B', 'A', 1, 0),
(1304, 16, 'B', 'A', 2, 0),
(1305, 16, 'B', 'A', 3, 0),
(1306, 16, 'B', 'A', 4, 0),
(1307, 16, 'B', 'A', 5, 0),
(1308, 16, 'B', 'A', 6, 0),
(1309, 16, 'B', 'B', 1, 0),
(1310, 16, 'B', 'B', 2, 0),
(1311, 16, 'B', 'B', 3, 0),
(1312, 16, 'B', 'B', 4, 0),
(1313, 16, 'B', 'B', 5, 0),
(1314, 16, 'B', 'B', 6, 0),
(1315, 16, 'B', 'C', 1, 0),
(1316, 16, 'B', 'C', 2, 0),
(1317, 16, 'B', 'C', 3, 0),
(1318, 16, 'B', 'C', 4, 0),
(1319, 16, 'B', 'C', 5, 0),
(1320, 16, 'B', 'C', 6, 0),
(1321, 16, 'B', 'D', 1, 0),
(1322, 16, 'B', 'D', 2, 0),
(1323, 16, 'B', 'D', 3, 0),
(1324, 16, 'B', 'D', 4, 0),
(1325, 16, 'B', 'D', 5, 0),
(1326, 16, 'B', 'D', 6, 0),
(1327, 16, 'E', 'A', 1, 0),
(1328, 16, 'E', 'A', 2, 0),
(1329, 16, 'E', 'A', 3, 0),
(1330, 16, 'E', 'A', 4, 0),
(1331, 16, 'E', 'A', 5, 0),
(1332, 16, 'E', 'A', 6, 0),
(1333, 16, 'E', 'B', 1, 0),
(1334, 16, 'E', 'B', 2, 0),
(1335, 16, 'E', 'B', 3, 0),
(1336, 16, 'E', 'B', 4, 0),
(1337, 16, 'E', 'B', 5, 0),
(1338, 16, 'E', 'B', 6, 0),
(1339, 16, 'E', 'C', 1, 0),
(1340, 16, 'E', 'C', 2, 0),
(1341, 16, 'E', 'C', 3, 0),
(1342, 16, 'E', 'C', 4, 0),
(1343, 16, 'E', 'C', 5, 0),
(1344, 16, 'E', 'C', 6, 0),
(1345, 16, 'E', 'D', 1, 0),
(1346, 16, 'E', 'D', 2, 0),
(1347, 16, 'E', 'D', 3, 0),
(1348, 16, 'E', 'D', 4, 0),
(1349, 16, 'E', 'D', 5, 0),
(1350, 16, 'E', 'D', 6, 0),
(1351, 17, 'F', 'A', 1, 0),
(1352, 17, 'F', 'A', 2, 0),
(1353, 17, 'F', 'A', 3, 0),
(1354, 17, 'F', 'A', 4, 0),
(1355, 17, 'F', 'A', 5, 0),
(1356, 17, 'F', 'A', 6, 0),
(1357, 17, 'F', 'B', 1, 0),
(1358, 17, 'F', 'B', 2, 0),
(1359, 17, 'F', 'B', 3, 0),
(1360, 17, 'F', 'B', 4, 0),
(1361, 17, 'F', 'B', 5, 0),
(1362, 17, 'F', 'B', 6, 0),
(1363, 17, 'F', 'C', 1, 0),
(1364, 17, 'F', 'C', 2, 0),
(1365, 17, 'F', 'C', 3, 0),
(1366, 17, 'F', 'C', 4, 0),
(1367, 17, 'F', 'C', 5, 0),
(1368, 17, 'F', 'C', 6, 0),
(1369, 17, 'F', 'D', 1, 0),
(1370, 17, 'F', 'D', 2, 0),
(1371, 17, 'F', 'D', 3, 0),
(1372, 17, 'F', 'D', 4, 0),
(1373, 17, 'F', 'D', 5, 0),
(1374, 17, 'F', 'D', 6, 0),
(1375, 17, 'B', 'A', 1, 0),
(1376, 17, 'B', 'A', 2, 0),
(1377, 17, 'B', 'A', 3, 0),
(1378, 17, 'B', 'A', 4, 0),
(1379, 17, 'B', 'A', 5, 0),
(1380, 17, 'B', 'A', 6, 0),
(1381, 17, 'B', 'B', 1, 0),
(1382, 17, 'B', 'B', 2, 0),
(1383, 17, 'B', 'B', 3, 0),
(1384, 17, 'B', 'B', 4, 0),
(1385, 17, 'B', 'B', 5, 0),
(1386, 17, 'B', 'B', 6, 0),
(1387, 17, 'B', 'C', 1, 0),
(1388, 17, 'B', 'C', 2, 0),
(1389, 17, 'B', 'C', 3, 0),
(1390, 17, 'B', 'C', 4, 0),
(1391, 17, 'B', 'C', 5, 0),
(1392, 17, 'B', 'C', 6, 0),
(1393, 17, 'B', 'D', 1, 0),
(1394, 17, 'B', 'D', 2, 0),
(1395, 17, 'B', 'D', 3, 0),
(1396, 17, 'B', 'D', 4, 0),
(1397, 17, 'B', 'D', 5, 0),
(1398, 17, 'B', 'D', 6, 0),
(1399, 17, 'E', 'A', 1, 0),
(1400, 17, 'E', 'A', 2, 0),
(1401, 17, 'E', 'A', 3, 0),
(1402, 17, 'E', 'A', 4, 0),
(1403, 17, 'E', 'A', 5, 0),
(1404, 17, 'E', 'A', 6, 0),
(1405, 17, 'E', 'B', 1, 0),
(1406, 17, 'E', 'B', 2, 0),
(1407, 17, 'E', 'B', 3, 0),
(1408, 17, 'E', 'B', 4, 0),
(1409, 17, 'E', 'B', 5, 0),
(1410, 17, 'E', 'B', 6, 0),
(1411, 17, 'E', 'C', 1, 0),
(1412, 17, 'E', 'C', 2, 0),
(1413, 17, 'E', 'C', 3, 0),
(1414, 17, 'E', 'C', 4, 0),
(1415, 17, 'E', 'C', 5, 0),
(1416, 17, 'E', 'C', 6, 0),
(1417, 17, 'E', 'D', 1, 0),
(1418, 17, 'E', 'D', 2, 0),
(1419, 17, 'E', 'D', 3, 0),
(1420, 17, 'E', 'D', 4, 0),
(1421, 17, 'E', 'D', 5, 0),
(1422, 17, 'E', 'D', 6, 0),
(1423, 18, 'F', 'A', 1, 0),
(1424, 18, 'F', 'A', 2, 0),
(1425, 18, 'F', 'A', 3, 0),
(1426, 18, 'F', 'A', 4, 0),
(1427, 18, 'F', 'A', 5, 0),
(1428, 18, 'F', 'A', 6, 0),
(1429, 18, 'F', 'B', 1, 0),
(1430, 18, 'F', 'B', 2, 0),
(1431, 18, 'F', 'B', 3, 0),
(1432, 18, 'F', 'B', 4, 0),
(1433, 18, 'F', 'B', 5, 0),
(1434, 18, 'F', 'B', 6, 0),
(1435, 18, 'F', 'C', 1, 0),
(1436, 18, 'F', 'C', 2, 0),
(1437, 18, 'F', 'C', 3, 0),
(1438, 18, 'F', 'C', 4, 0),
(1439, 18, 'F', 'C', 5, 0),
(1440, 18, 'F', 'C', 6, 0),
(1441, 18, 'F', 'D', 1, 1),
(1442, 18, 'F', 'D', 2, 0),
(1443, 18, 'F', 'D', 3, 0),
(1444, 18, 'F', 'D', 4, 0),
(1445, 18, 'F', 'D', 5, 0),
(1446, 18, 'F', 'D', 6, 0),
(1447, 18, 'B', 'A', 1, 0),
(1448, 18, 'B', 'A', 2, 0),
(1449, 18, 'B', 'A', 3, 0),
(1450, 18, 'B', 'A', 4, 0),
(1451, 18, 'B', 'A', 5, 0),
(1452, 18, 'B', 'A', 6, 0),
(1453, 18, 'B', 'B', 1, 0),
(1454, 18, 'B', 'B', 2, 0),
(1455, 18, 'B', 'B', 3, 0),
(1456, 18, 'B', 'B', 4, 0),
(1457, 18, 'B', 'B', 5, 0),
(1458, 18, 'B', 'B', 6, 0),
(1459, 18, 'B', 'C', 1, 0),
(1460, 18, 'B', 'C', 2, 0),
(1461, 18, 'B', 'C', 3, 0),
(1462, 18, 'B', 'C', 4, 0),
(1463, 18, 'B', 'C', 5, 0),
(1464, 18, 'B', 'C', 6, 0),
(1465, 18, 'B', 'D', 1, 0),
(1466, 18, 'B', 'D', 2, 0),
(1467, 18, 'B', 'D', 3, 0),
(1468, 18, 'B', 'D', 4, 0),
(1469, 18, 'B', 'D', 5, 0),
(1470, 18, 'B', 'D', 6, 0),
(1471, 18, 'E', 'A', 1, 0),
(1472, 18, 'E', 'A', 2, 0),
(1473, 18, 'E', 'A', 3, 0),
(1474, 18, 'E', 'A', 4, 0),
(1475, 18, 'E', 'A', 5, 0),
(1476, 18, 'E', 'A', 6, 0),
(1477, 18, 'E', 'B', 1, 0),
(1478, 18, 'E', 'B', 2, 0),
(1479, 18, 'E', 'B', 3, 0),
(1480, 18, 'E', 'B', 4, 0),
(1481, 18, 'E', 'B', 5, 0),
(1482, 18, 'E', 'B', 6, 0),
(1483, 18, 'E', 'C', 1, 0),
(1484, 18, 'E', 'C', 2, 0),
(1485, 18, 'E', 'C', 3, 1),
(1486, 18, 'E', 'C', 4, 0),
(1487, 18, 'E', 'C', 5, 0),
(1488, 18, 'E', 'C', 6, 0),
(1489, 18, 'E', 'D', 1, 0),
(1490, 18, 'E', 'D', 2, 0),
(1491, 18, 'E', 'D', 3, 0),
(1492, 18, 'E', 'D', 4, 0),
(1493, 18, 'E', 'D', 5, 0),
(1494, 18, 'E', 'D', 6, 0),
(1495, 19, 'F', 'A', 1, 0),
(1496, 19, 'F', 'A', 2, 0),
(1497, 19, 'F', 'A', 3, 0),
(1498, 19, 'F', 'A', 4, 0),
(1499, 19, 'F', 'A', 5, 0),
(1500, 19, 'F', 'A', 6, 0),
(1501, 19, 'F', 'B', 1, 0),
(1502, 19, 'F', 'B', 2, 0),
(1503, 19, 'F', 'B', 3, 0),
(1504, 19, 'F', 'B', 4, 0),
(1505, 19, 'F', 'B', 5, 0),
(1506, 19, 'F', 'B', 6, 0),
(1507, 19, 'F', 'C', 1, 0),
(1508, 19, 'F', 'C', 2, 0),
(1509, 19, 'F', 'C', 3, 0),
(1510, 19, 'F', 'C', 4, 0),
(1511, 19, 'F', 'C', 5, 0),
(1512, 19, 'F', 'C', 6, 0),
(1513, 19, 'F', 'D', 1, 0),
(1514, 19, 'F', 'D', 2, 0),
(1515, 19, 'F', 'D', 3, 0),
(1516, 19, 'F', 'D', 4, 0),
(1517, 19, 'F', 'D', 5, 0),
(1518, 19, 'F', 'D', 6, 0),
(1519, 19, 'B', 'A', 1, 0),
(1520, 19, 'B', 'A', 2, 0),
(1521, 19, 'B', 'A', 3, 0),
(1522, 19, 'B', 'A', 4, 0),
(1523, 19, 'B', 'A', 5, 0),
(1524, 19, 'B', 'A', 6, 0),
(1525, 19, 'B', 'B', 1, 0),
(1526, 19, 'B', 'B', 2, 0),
(1527, 19, 'B', 'B', 3, 0),
(1528, 19, 'B', 'B', 4, 0),
(1529, 19, 'B', 'B', 5, 0),
(1530, 19, 'B', 'B', 6, 0),
(1531, 19, 'B', 'C', 1, 0),
(1532, 19, 'B', 'C', 2, 0),
(1533, 19, 'B', 'C', 3, 0),
(1534, 19, 'B', 'C', 4, 0),
(1535, 19, 'B', 'C', 5, 0),
(1536, 19, 'B', 'C', 6, 0),
(1537, 19, 'B', 'D', 1, 0),
(1538, 19, 'B', 'D', 2, 0),
(1539, 19, 'B', 'D', 3, 0),
(1540, 19, 'B', 'D', 4, 0),
(1541, 19, 'B', 'D', 5, 0),
(1542, 19, 'B', 'D', 6, 0),
(1543, 19, 'E', 'A', 1, 0),
(1544, 19, 'E', 'A', 2, 0),
(1545, 19, 'E', 'A', 3, 0),
(1546, 19, 'E', 'A', 4, 0),
(1547, 19, 'E', 'A', 5, 0),
(1548, 19, 'E', 'A', 6, 0),
(1549, 19, 'E', 'B', 1, 0),
(1550, 19, 'E', 'B', 2, 0),
(1551, 19, 'E', 'B', 3, 0),
(1552, 19, 'E', 'B', 4, 0),
(1553, 19, 'E', 'B', 5, 0),
(1554, 19, 'E', 'B', 6, 0),
(1555, 19, 'E', 'C', 1, 0),
(1556, 19, 'E', 'C', 2, 0),
(1557, 19, 'E', 'C', 3, 0),
(1558, 19, 'E', 'C', 4, 0),
(1559, 19, 'E', 'C', 5, 0),
(1560, 19, 'E', 'C', 6, 0),
(1561, 19, 'E', 'D', 1, 0),
(1562, 19, 'E', 'D', 2, 0),
(1563, 19, 'E', 'D', 3, 0),
(1564, 19, 'E', 'D', 4, 0),
(1565, 19, 'E', 'D', 5, 0),
(1566, 19, 'E', 'D', 6, 0),
(1567, 20, 'F', 'A', 1, 0),
(1568, 20, 'F', 'A', 2, 0),
(1569, 20, 'F', 'A', 3, 0),
(1570, 20, 'F', 'A', 4, 0),
(1571, 20, 'F', 'A', 5, 0),
(1572, 20, 'F', 'A', 6, 0),
(1573, 20, 'F', 'B', 1, 0),
(1574, 20, 'F', 'B', 2, 0),
(1575, 20, 'F', 'B', 3, 0),
(1576, 20, 'F', 'B', 4, 0),
(1577, 20, 'F', 'B', 5, 0),
(1578, 20, 'F', 'B', 6, 0),
(1579, 20, 'F', 'C', 1, 0),
(1580, 20, 'F', 'C', 2, 0),
(1581, 20, 'F', 'C', 3, 0),
(1582, 20, 'F', 'C', 4, 0),
(1583, 20, 'F', 'C', 5, 0),
(1584, 20, 'F', 'C', 6, 0),
(1585, 20, 'F', 'D', 1, 0),
(1586, 20, 'F', 'D', 2, 0),
(1587, 20, 'F', 'D', 3, 0),
(1588, 20, 'F', 'D', 4, 0),
(1589, 20, 'F', 'D', 5, 0),
(1590, 20, 'F', 'D', 6, 0),
(1591, 20, 'B', 'A', 1, 0),
(1592, 20, 'B', 'A', 2, 0),
(1593, 20, 'B', 'A', 3, 0),
(1594, 20, 'B', 'A', 4, 0),
(1595, 20, 'B', 'A', 5, 0),
(1596, 20, 'B', 'A', 6, 0),
(1597, 20, 'B', 'B', 1, 0),
(1598, 20, 'B', 'B', 2, 0),
(1599, 20, 'B', 'B', 3, 0),
(1600, 20, 'B', 'B', 4, 0),
(1601, 20, 'B', 'B', 5, 0),
(1602, 20, 'B', 'B', 6, 0),
(1603, 20, 'B', 'C', 1, 0),
(1604, 20, 'B', 'C', 2, 0),
(1605, 20, 'B', 'C', 3, 0),
(1606, 20, 'B', 'C', 4, 0),
(1607, 20, 'B', 'C', 5, 0),
(1608, 20, 'B', 'C', 6, 0),
(1609, 20, 'B', 'D', 1, 0),
(1610, 20, 'B', 'D', 2, 0),
(1611, 20, 'B', 'D', 3, 0),
(1612, 20, 'B', 'D', 4, 0),
(1613, 20, 'B', 'D', 5, 0),
(1614, 20, 'B', 'D', 6, 0),
(1615, 20, 'E', 'A', 1, 0),
(1616, 20, 'E', 'A', 2, 0),
(1617, 20, 'E', 'A', 3, 0),
(1618, 20, 'E', 'A', 4, 0),
(1619, 20, 'E', 'A', 5, 0),
(1620, 20, 'E', 'A', 6, 0),
(1621, 20, 'E', 'B', 1, 0),
(1622, 20, 'E', 'B', 2, 0),
(1623, 20, 'E', 'B', 3, 0),
(1624, 20, 'E', 'B', 4, 0),
(1625, 20, 'E', 'B', 5, 0),
(1626, 20, 'E', 'B', 6, 0),
(1627, 20, 'E', 'C', 1, 0),
(1628, 20, 'E', 'C', 2, 0),
(1629, 20, 'E', 'C', 3, 0),
(1630, 20, 'E', 'C', 4, 0),
(1631, 20, 'E', 'C', 5, 0),
(1632, 20, 'E', 'C', 6, 0),
(1633, 20, 'E', 'D', 1, 0),
(1634, 20, 'E', 'D', 2, 0),
(1635, 20, 'E', 'D', 3, 0),
(1636, 20, 'E', 'D', 4, 0),
(1637, 20, 'E', 'D', 5, 0),
(1638, 20, 'E', 'D', 6, 0);

--
-- Indexes for dumped tables
--

--
-- Indexes for table `Account`
--
ALTER TABLE `Account`
  ADD PRIMARY KEY (`AccountID`), ADD UNIQUE KEY `CustomerID` (`CustomerID`);

--
-- Indexes for table `Airplane`
--
ALTER TABLE `Airplane`
  ADD PRIMARY KEY (`AirplaneID`);

--
-- Indexes for table `Arriveport`
--
ALTER TABLE `Arriveport`
  ADD PRIMARY KEY (`ArriveID`);

--
-- Indexes for table `Customer`
--
ALTER TABLE `Customer`
  ADD PRIMARY KEY (`CustomerID`);

--
-- Indexes for table `DepartPort`
--
ALTER TABLE `DepartPort`
  ADD PRIMARY KEY (`DepartID`);

--
-- Indexes for table `Fare`
--
ALTER TABLE `Fare`
  ADD PRIMARY KEY (`FareID`), ADD KEY `AccountID` (`AccountID`);

--
-- Indexes for table `Flight`
--
ALTER TABLE `Flight`
  ADD PRIMARY KEY (`FlightID`), ADD KEY `ArriveID` (`arriveID`,`departID`), ADD KEY `DepartID` (`departID`), ADD KEY `AirplaneID` (`AirplaneID`);

--
-- Indexes for table `Passenger`
--
ALTER TABLE `Passenger`
  ADD PRIMARY KEY (`PassengerID`), ADD KEY `AccountID` (`AccountID`,`FlightID`), ADD KEY `FlightID` (`FlightID`), ADD KEY `SeatID` (`SeatID`);

--
-- Indexes for table `Reserve`
--
ALTER TABLE `Reserve`
  ADD PRIMARY KEY (`ReserveID`), ADD KEY `PassengerID` (`AccountID`,`FareID`), ADD KEY `AccountID` (`AccountID`), ADD KEY `FareID` (`FareID`);

--
-- Indexes for table `Seat`
--
ALTER TABLE `Seat`
  ADD PRIMARY KEY (`SeatID`), ADD KEY `FlightID` (`FlightID`);

--
-- AUTO_INCREMENT for dumped tables
--

--
-- AUTO_INCREMENT for table `Account`
--
ALTER TABLE `Account`
  MODIFY `AccountID` int(11) NOT NULL AUTO_INCREMENT,AUTO_INCREMENT=22;
--
-- AUTO_INCREMENT for table `Airplane`
--
ALTER TABLE `Airplane`
  MODIFY `AirplaneID` int(11) NOT NULL AUTO_INCREMENT,AUTO_INCREMENT=21;
--
-- AUTO_INCREMENT for table `Customer`
--
ALTER TABLE `Customer`
  MODIFY `CustomerID` int(11) NOT NULL AUTO_INCREMENT,AUTO_INCREMENT=22;
--
-- AUTO_INCREMENT for table `Fare`
--
ALTER TABLE `Fare`
  MODIFY `FareID` int(11) NOT NULL AUTO_INCREMENT,AUTO_INCREMENT=16;
--
-- AUTO_INCREMENT for table `Flight`
--
ALTER TABLE `Flight`
  MODIFY `FlightID` int(5) NOT NULL AUTO_INCREMENT,AUTO_INCREMENT=21;
--
-- AUTO_INCREMENT for table `Passenger`
--
ALTER TABLE `Passenger`
  MODIFY `PassengerID` int(11) NOT NULL AUTO_INCREMENT,AUTO_INCREMENT=25;
--
-- AUTO_INCREMENT for table `Reserve`
--
ALTER TABLE `Reserve`
  MODIFY `ReserveID` int(11) NOT NULL AUTO_INCREMENT,AUTO_INCREMENT=16;
--
-- AUTO_INCREMENT for table `Seat`
--
ALTER TABLE `Seat`
  MODIFY `SeatID` int(11) NOT NULL AUTO_INCREMENT,AUTO_INCREMENT=1639;
--
-- Constraints for dumped tables
--

--
-- Constraints for table `Account`
--
ALTER TABLE `Account`
ADD CONSTRAINT `Account_ibfk_1` FOREIGN KEY (`CustomerID`) REFERENCES `Customer` (`CustomerID`);

--
-- Constraints for table `Flight`
--
ALTER TABLE `Flight`
ADD CONSTRAINT `Flight_ibfk_4` FOREIGN KEY (`AirplaneID`) REFERENCES `Airplane` (`AirplaneID`);

--
-- Constraints for table `Passenger`
--
ALTER TABLE `Passenger`
ADD CONSTRAINT `Passenger_ibfk_1` FOREIGN KEY (`AccountID`) REFERENCES `Account` (`AccountID`),
ADD CONSTRAINT `Passenger_ibfk_2` FOREIGN KEY (`FlightID`) REFERENCES `Flight` (`FlightID`);

--
-- Constraints for table `Reserve`
--
ALTER TABLE `Reserve`
ADD CONSTRAINT `Reserve_ibfk_2` FOREIGN KEY (`AccountID`) REFERENCES `Account` (`AccountID`),
ADD CONSTRAINT `Reserve_ibfk_3` FOREIGN KEY (`FareID`) REFERENCES `Fare` (`FareID`);

--
-- Constraints for table `Seat`
--
ALTER TABLE `Seat`
ADD CONSTRAINT `Seat_ibfk_1` FOREIGN KEY (`FlightID`) REFERENCES `Flight` (`FlightID`);

/*!40101 SET CHARACTER_SET_CLIENT=@OLD_CHARACTER_SET_CLIENT */;
/*!40101 SET CHARACTER_SET_RESULTS=@OLD_CHARACTER_SET_RESULTS */;
/*!40101 SET COLLATION_CONNECTION=@OLD_COLLATION_CONNECTION */;
